sentence,speaker,gender,fs,n_samples,duration_s,rms,peak
sp01,CH,M,8000,22529,2.8161,0.034213,0.337524
sp02,CH,M,8000,21119,2.6399,0.042961,0.325348
sp03,CH,M,8000,17967,2.2459,0.039393,0.447815
sp04,CH,M,8000,16928,2.116,0.045793,0.321564
sp05,CH,M,8000,17627,2.2034,0.043419,0.38208
sp06,DE,M,8000,21801,2.7251,0.045953,0.380402
sp07,DE,M,8000,20115,2.5144,0.039332,0.381165
sp08,DE,M,8000,22764,2.8455,0.042115,0.425995
sp09,DE,M,8000,24077,3.0096,0.043375,0.338379
sp10,DE,M,8000,21371,2.6714,0.044741,0.396515
sp11,JE,F,8000,23436,2.9295,0.048194,0.545593
sp12,JE,F,8000,21982,2.7477,0.044193,0.339355
sp13,JE,F,8000,20307,2.5384,0.047886,0.359161
sp14,JE,F,8000,23466,2.9333,0.046997,0.619904
sp15,JE,F,8000,23323,2.9154,0.044837,0.289398
sp16,KI,F,8000,18621,2.3276,0.043513,0.584045
sp17,KI,F,8000,19231,2.4039,0.041155,0.466156
sp18,KI,F,8000,18269,2.2836,0.039857,0.275085
sp19,KI,F,8000,21338,2.6673,0.048234,0.473267
sp20,KI,F,8000,20752,2.594,0.046799,0.431702
sp21,SI,M,8000,28064,3.508,0.042216,0.339233
sp22,SI,M,8000,21582,2.6978,0.036766,0.256226
sp23,SI,M,8000,21209,2.6511,0.039975,0.352844
sp24,SI,M,8000,27768,3.471,0.038999,0.285522
sp25,SI,M,8000,23443,2.9304,0.041907,0.392975
sp26,TI,F,8000,19934,2.4918,0.0423,0.459442
sp27,TI,F,8000,20316,2.5395,0.040079,0.389069
sp28,TI,F,8000,19487,2.4359,0.043705,0.500275
sp29,TI,F,8000,20409,2.5511,0.044542,0.60437
sp30,TI,F,8000,21086,2.6357,0.043383,0.429077
