method,variant,alpha,beta,eta,wavelet,level,noise,n_cases,n_segsnr_up_pesq_down,frac_segsnr_up_pesq_down,n_segsnr_up_stoi_down,frac_segsnr_up_stoi_down
spectral_sub,,1.0,0.0,,,,babble,150,58,0.38666666666666666,108,0.72
spectral_sub,,1.0,0.005,,,,babble,150,59,0.3933333333333333,109,0.7266666666666667
spectral_sub,,1.0,0.01,,,,babble,150,58,0.38666666666666666,109,0.7266666666666667
spectral_sub,,1.0,0.02,,,,babble,150,55,0.36666666666666664,109,0.7266666666666667
spectral_sub,,1.0,0.05,,,,babble,150,53,0.35333333333333333,107,0.7133333333333334
spectral_sub,,1.0,0.1,,,,babble,150,44,0.29333333333333333,106,0.7066666666666667
spectral_sub,,2.0,0.0,,,,babble,150,68,0.4533333333333333,106,0.7066666666666667
spectral_sub,,2.0,0.005,,,,babble,150,67,0.44666666666666666,106,0.7066666666666667
spectral_sub,,2.0,0.01,,,,babble,150,67,0.44666666666666666,106,0.7066666666666667
spectral_sub,,2.0,0.02,,,,babble,150,65,0.43333333333333335,106,0.7066666666666667
spectral_sub,,2.0,0.05,,,,babble,150,55,0.36666666666666664,109,0.7266666666666667
spectral_sub,,2.0,0.1,,,,babble,150,41,0.2733333333333333,110,0.7333333333333333
spectral_sub,,3.0,0.0,,,,babble,150,66,0.44,90,0.6
spectral_sub,,3.0,0.005,,,,babble,150,65,0.43333333333333335,90,0.6
spectral_sub,,3.0,0.01,,,,babble,150,63,0.42,90,0.6
spectral_sub,,3.0,0.02,,,,babble,150,63,0.42,90,0.6
spectral_sub,,3.0,0.05,,,,babble,150,50,0.3333333333333333,90,0.6
spectral_sub,,3.0,0.1,,,,babble,150,35,0.23333333333333334,92,0.6133333333333333
spectral_sub,,4.0,0.0,,,,babble,150,67,0.44666666666666666,85,0.5666666666666667
spectral_sub,,4.0,0.005,,,,babble,150,66,0.44,85,0.5666666666666667
spectral_sub,,4.0,0.01,,,,babble,150,65,0.43333333333333335,85,0.5666666666666667
spectral_sub,,4.0,0.02,,,,babble,150,62,0.41333333333333333,85,0.5666666666666667
spectral_sub,,4.0,0.05,,,,babble,150,50,0.3333333333333333,85,0.5666666666666667
spectral_sub,,4.0,0.1,,,,babble,150,33,0.22,85,0.5666666666666667
spectral_sub,,5.0,0.0,,,,babble,150,66,0.44,80,0.5333333333333333
spectral_sub,,5.0,0.005,,,,babble,150,64,0.4266666666666667,80,0.5333333333333333
spectral_sub,,5.0,0.01,,,,babble,150,64,0.4266666666666667,80,0.5333333333333333
spectral_sub,,5.0,0.02,,,,babble,150,59,0.3933333333333333,80,0.5333333333333333
spectral_sub,,5.0,0.05,,,,babble,150,48,0.32,80,0.5333333333333333
spectral_sub,,5.0,0.1,,,,babble,150,28,0.18666666666666668,81,0.54
wavelet,level_dependent,,,,db4,3,babble,150,29,0.19333333333333333,38,0.25333333333333335
wavelet,level_dependent,,,,db4,4,babble,150,51,0.34,51,0.34
wavelet,level_dependent,,,,db4,5,babble,150,59,0.3933333333333333,63,0.42
wavelet,level_dependent,,,,db4,6,babble,150,61,0.4066666666666667,64,0.4266666666666667
wavelet,level_dependent,,,,db8,3,babble,150,25,0.16666666666666666,37,0.24666666666666667
wavelet,level_dependent,,,,db8,4,babble,150,54,0.36,54,0.36
wavelet,level_dependent,,,,db8,5,babble,150,65,0.43333333333333335,65,0.43333333333333335
wavelet,level_dependent,,,,db8,6,babble,150,65,0.43333333333333335,65,0.43333333333333335
wavelet,level_dependent,,,,sym8,3,babble,150,26,0.17333333333333334,37,0.24666666666666667
wavelet,level_dependent,,,,sym8,4,babble,150,54,0.36,54,0.36
wavelet,level_dependent,,,,sym8,5,babble,150,65,0.43333333333333335,66,0.44
wavelet,level_dependent,,,,sym8,6,babble,150,64,0.4266666666666667,66,0.44
wavelet,universal,,,,db4,3,babble,150,47,0.31333333333333335,58,0.38666666666666666
wavelet,universal,,,,db4,4,babble,150,77,0.5133333333333333,86,0.5733333333333334
wavelet,universal,,,,db4,5,babble,150,81,0.54,90,0.6
wavelet,universal,,,,db4,6,babble,150,81,0.54,90,0.6
wavelet,universal,,,,db8,3,babble,150,45,0.3,61,0.4066666666666667
wavelet,universal,,,,db8,4,babble,150,75,0.5,91,0.6066666666666667
wavelet,universal,,,,db8,5,babble,150,77,0.5133333333333333,94,0.6266666666666667
wavelet,universal,,,,db8,6,babble,150,77,0.5133333333333333,94,0.6266666666666667
wavelet,universal,,,,sym8,3,babble,150,47,0.31333333333333335,64,0.4266666666666667
wavelet,universal,,,,sym8,4,babble,150,77,0.5133333333333333,91,0.6066666666666667
wavelet,universal,,,,sym8,5,babble,150,79,0.5266666666666666,94,0.6266666666666667
wavelet,universal,,,,sym8,6,babble,150,79,0.5266666666666666,94,0.6266666666666667
wiener,,,,0.5,,,babble,150,72,0.48,114,0.76
wiener,,,,0.9,,,babble,150,69,0.46,123,0.82
wiener,,,,0.95,,,babble,150,69,0.46,122,0.8133333333333334
wiener,,,,0.98,,,babble,150,66,0.44,109,0.7266666666666667
wiener,,,,0.99,,,babble,150,64,0.4266666666666667,96,0.64
spectral_sub,,1.0,0.0,,,,white,150,2,0.013333333333333334,15,0.1
spectral_sub,,1.0,0.005,,,,white,150,2,0.013333333333333334,15,0.1
spectral_sub,,1.0,0.01,,,,white,150,2,0.013333333333333334,15,0.1
spectral_sub,,1.0,0.02,,,,white,150,2,0.013333333333333334,15,0.1
spectral_sub,,1.0,0.05,,,,white,150,2,0.013333333333333334,16,0.10666666666666667
spectral_sub,,1.0,0.1,,,,white,150,2,0.013333333333333334,11,0.07333333333333333
spectral_sub,,2.0,0.0,,,,white,150,3,0.02,52,0.3466666666666667
spectral_sub,,2.0,0.005,,,,white,150,2,0.013333333333333334,51,0.34
spectral_sub,,2.0,0.01,,,,white,150,2,0.013333333333333334,51,0.34
spectral_sub,,2.0,0.02,,,,white,150,2,0.013333333333333334,48,0.32
spectral_sub,,2.0,0.05,,,,white,150,2,0.013333333333333334,40,0.26666666666666666
spectral_sub,,2.0,0.1,,,,white,150,3,0.02,21,0.14
spectral_sub,,3.0,0.0,,,,white,150,7,0.04666666666666667,102,0.68
spectral_sub,,3.0,0.005,,,,white,150,3,0.02,102,0.68
spectral_sub,,3.0,0.01,,,,white,150,3,0.02,100,0.6666666666666666
spectral_sub,,3.0,0.02,,,,white,150,4,0.02666666666666667,90,0.6
spectral_sub,,3.0,0.05,,,,white,150,9,0.06,82,0.5466666666666666
spectral_sub,,3.0,0.1,,,,white,150,11,0.07333333333333333,70,0.4666666666666667
spectral_sub,,4.0,0.0,,,,white,150,23,0.15333333333333332,123,0.82
spectral_sub,,4.0,0.005,,,,white,150,16,0.10666666666666667,122,0.8133333333333334
spectral_sub,,4.0,0.01,,,,white,150,13,0.08666666666666667,121,0.8066666666666666
spectral_sub,,4.0,0.02,,,,white,150,11,0.07333333333333333,124,0.8266666666666667
spectral_sub,,4.0,0.05,,,,white,150,18,0.12,119,0.7933333333333333
spectral_sub,,4.0,0.1,,,,white,150,24,0.16,116,0.7733333333333333
spectral_sub,,5.0,0.0,,,,white,150,45,0.3,118,0.7866666666666666
spectral_sub,,5.0,0.005,,,,white,150,26,0.17333333333333334,120,0.8
spectral_sub,,5.0,0.01,,,,white,150,25,0.16666666666666666,120,0.8
spectral_sub,,5.0,0.02,,,,white,150,28,0.18666666666666668,118,0.7866666666666666
spectral_sub,,5.0,0.05,,,,white,150,27,0.18,120,0.8
spectral_sub,,5.0,0.1,,,,white,150,37,0.24666666666666667,117,0.78
wavelet,level_dependent,,,,db4,3,white,150,47,0.31333333333333335,76,0.5066666666666667
wavelet,level_dependent,,,,db4,4,white,150,63,0.42,63,0.42
wavelet,level_dependent,,,,db4,5,white,150,66,0.44,66,0.44
wavelet,level_dependent,,,,db4,6,white,150,67,0.44666666666666666,69,0.46
wavelet,level_dependent,,,,db8,3,white,150,44,0.29333333333333333,80,0.5333333333333333
wavelet,level_dependent,,,,db8,4,white,150,62,0.41333333333333333,63,0.42
wavelet,level_dependent,,,,db8,5,white,150,64,0.4266666666666667,66,0.44
wavelet,level_dependent,,,,db8,6,white,150,68,0.4533333333333333,70,0.4666666666666667
wavelet,level_dependent,,,,sym8,3,white,150,45,0.3,80,0.5333333333333333
wavelet,level_dependent,,,,sym8,4,white,150,64,0.4266666666666667,64,0.4266666666666667
wavelet,level_dependent,,,,sym8,5,white,150,64,0.4266666666666667,65,0.43333333333333335
wavelet,level_dependent,,,,sym8,6,white,150,68,0.4533333333333333,69,0.46
wavelet,universal,,,,db4,3,white,150,51,0.34,82,0.5466666666666666
wavelet,universal,,,,db4,4,white,150,69,0.46,69,0.46
wavelet,universal,,,,db4,5,white,150,71,0.47333333333333333,71,0.47333333333333333
wavelet,universal,,,,db4,6,white,150,81,0.54,81,0.54
wavelet,universal,,,,db8,3,white,150,55,0.36666666666666664,89,0.5933333333333334
wavelet,universal,,,,db8,4,white,150,70,0.4666666666666667,70,0.4666666666666667
wavelet,universal,,,,db8,5,white,150,73,0.4866666666666667,73,0.4866666666666667
wavelet,universal,,,,db8,6,white,150,84,0.56,84,0.56
wavelet,universal,,,,sym8,3,white,150,54,0.36,90,0.6
wavelet,universal,,,,sym8,4,white,150,70,0.4666666666666667,70,0.4666666666666667
wavelet,universal,,,,sym8,5,white,150,71,0.47333333333333333,72,0.48
wavelet,universal,,,,sym8,6,white,150,84,0.56,85,0.5666666666666667
wiener,,,,0.5,,,white,150,2,0.013333333333333334,14,0.09333333333333334
wiener,,,,0.9,,,white,150,1,0.006666666666666667,21,0.14
wiener,,,,0.95,,,white,150,1,0.006666666666666667,35,0.23333333333333334
wiener,,,,0.98,,,white,150,1,0.006666666666666667,88,0.5866666666666667
wiener,,,,0.99,,,white,150,1,0.006666666666666667,127,0.8466666666666667
