sentence,noise,snr_in,method,variant,alpha,beta,eta,wavelet,level,segsnr_noisy,pesq_noisy,stoi_noisy,segsnr_out,pesq_out,stoi_out,d_segsnr,d_pesq,d_stoi
sp25,white,-5,spectral_sub,,3.0,0.005,,,,-7.023283571450136,1.4292792081832886,0.5332624981515128,1.0763597276929657,1.3796474933624268,0.5453245621535685,8.099643299143102,-0.049631714820861816,0.012062064002055672
sp25,white,-5,spectral_sub,,3.0,0.0,,,,-7.023283571450136,1.4292792081832886,0.5332624981515128,1.0649584889284764,1.3879622220993042,0.5380654299186675,8.088242060378613,-0.041316986083984375,0.004802931767154628
sp25,white,-5,spectral_sub,,3.0,0.01,,,,-7.023283571450136,1.4292792081832886,0.5332624981515128,1.0497406801481721,1.3698134422302246,0.5428367097016099,8.073024251598309,-0.059465765953063965,0.009574211550097078
sp25,white,-5,spectral_sub,,3.0,0.02,,,,-7.023283571450136,1.4292792081832886,0.5332624981515128,0.9122982116534947,1.3370510339736938,0.5323252984588834,7.935581783103631,-0.09222817420959473,-0.000937199692629398
sp25,white,-5,spectral_sub,,4.0,0.005,,,,-7.023283571450136,1.4292792081832886,0.5332624981515128,0.7276065454433966,1.2967711687088013,0.5499820186003125,7.750890116893533,-0.1325080394744873,0.016719520448799652
sp25,white,-5,wiener,,,,0.95,,,-7.023283571450136,1.4292792081832886,0.5332624981515128,0.4247011841218111,1.4085378646850586,0.5379181422230819,7.447984755571947,-0.02074134349822998,0.004655644071569043
sp21,white,-5,wiener,,,,0.99,,,-6.256650469997708,1.527482271194458,0.5389111915422258,1.1618236920117477,1.4380695819854736,0.5002574952140074,7.418474162009455,-0.08941268920898438,-0.03865369632821836
sp21,white,-5,wiener,,,,0.98,,,-6.256650469997708,1.527482271194458,0.5389111915422258,0.834432496529264,1.4873080253601074,0.5110319703727421,7.091082966526972,-0.040174245834350586,-0.027879221169483714
sp25,white,-5,wiener,,,,0.9,,,-7.023283571450136,1.4292792081832886,0.5332624981515128,-0.457481565065646,1.4183567762374878,0.5495868299001658,6.56580200638449,-0.010922431945800781,0.016324331748652998
sp10,babble,-5,wiener,,,,0.99,,,-5.870654297321699,1.13436758518219,0.5513570002466894,-1.1680565047242044,1.1325323581695557,0.43939167091867787,4.702597792597494,-0.0018352270126342773,-0.11196532932801156
sp03,babble,-5,wavelet,level_dependent,,,,db8,6,-7.255137201519358,1.2507977485656738,0.554399565832298,-0.8080422499074357,1.0381591320037842,0.3663770291361581,6.4470949516119225,-0.21263861656188965,-0.18802253669613989
sp03,babble,-5,wavelet,level_dependent,,,,db8,5,-7.255137201519358,1.2507977485656738,0.554399565832298,-0.8419110479618263,1.0365458726882935,0.39252417401941897,6.413226153557532,-0.21425187587738037,-0.16187539181287902
sp03,babble,-5,wavelet,level_dependent,,,,db4,6,-7.255137201519358,1.2507977485656738,0.554399565832298,-0.8456523652310605,1.028550624847412,0.3430283404975786,6.409484836288297,-0.22224712371826172,-0.21137122533471941
sp03,babble,-5,wavelet,level_dependent,,,,sym8,6,-7.255137201519358,1.2507977485656738,0.554399565832298,-0.9342687783927235,1.03866446018219,0.31589018963107185,6.320868423126635,-0.2121332883834839,-0.23850937620122614
sp03,babble,-5,wavelet,level_dependent,,,,sym8,5,-7.255137201519358,1.2507977485656738,0.554399565832298,-0.978292562041621,1.0383350849151611,0.33940666762647054,6.276844639477737,-0.2124626636505127,-0.21499289820582745
