sentence,noise,snr_target,snr_measured,abs_err_db
sp01,white,-5,-4.999999999999999,8.881784197001252e-16
sp01,white,0,0.0,0.0
sp01,white,5,5.000000000000001,8.881784197001252e-16
sp01,white,10,10.0,0.0
sp01,white,15,15.0,0.0
sp01,babble,-5,-5.000000000000001,8.881784197001252e-16
sp01,babble,0,-9.643274665532871e-16,9.643274665532871e-16
sp01,babble,5,4.999999999999999,8.881784197001252e-16
sp01,babble,10,10.0,0.0
sp01,babble,15,15.0,0.0
sp02,white,-5,-4.999999999999999,8.881784197001252e-16
sp02,white,0,-9.643274665532871e-16,9.643274665532871e-16
sp02,white,5,5.000000000000001,8.881784197001252e-16
sp02,white,10,9.999999999999998,1.7763568394002505e-15
sp02,white,15,15.0,0.0
sp02,babble,-5,-4.999999999999998,1.7763568394002505e-15
sp02,babble,0,9.64327466553287e-16,9.64327466553287e-16
sp02,babble,5,5.0,0.0
sp02,babble,10,10.0,0.0
sp02,babble,15,15.0,0.0
sp03,white,-5,-4.999999999999999,8.881784197001252e-16
sp03,white,0,9.64327466553287e-16,9.64327466553287e-16
sp03,white,5,4.999999999999999,8.881784197001252e-16
sp03,white,10,10.0,0.0
sp03,white,15,15.0,0.0
sp03,babble,-5,-4.999999999999998,1.7763568394002505e-15
sp03,babble,0,9.64327466553287e-16,9.64327466553287e-16
sp03,babble,5,4.999999999999999,8.881784197001252e-16
sp03,babble,10,10.0,0.0
sp03,babble,15,15.0,0.0
sp04,white,-5,-5.000000000000001,8.881784197001252e-16
sp04,white,0,-9.643274665532871e-16,9.643274665532871e-16
sp04,white,5,5.0,0.0
sp04,white,10,10.0,0.0
sp04,white,15,15.0,0.0
sp04,babble,-5,-5.0,0.0
sp04,babble,0,0.0,0.0
sp04,babble,5,5.0,0.0
sp04,babble,10,10.0,0.0
sp04,babble,15,15.0,0.0
sp05,white,-5,-5.000000000000001,8.881784197001252e-16
sp05,white,0,9.64327466553287e-16,9.64327466553287e-16
sp05,white,5,5.000000000000001,8.881784197001252e-16
sp05,white,10,10.0,0.0
sp05,white,15,15.0,0.0
sp05,babble,-5,-5.0,0.0
sp05,babble,0,0.0,0.0
sp05,babble,5,4.999999999999999,8.881784197001252e-16
sp05,babble,10,10.0,0.0
sp05,babble,15,15.000000000000002,1.7763568394002505e-15
sp06,white,-5,-4.999999999999999,8.881784197001252e-16
sp06,white,0,0.0,0.0
sp06,white,5,4.999999999999999,8.881784197001252e-16
sp06,white,10,9.999999999999998,1.7763568394002505e-15
sp06,white,15,15.0,0.0
sp06,babble,-5,-5.000000000000001,8.881784197001252e-16
sp06,babble,0,9.64327466553287e-16,9.64327466553287e-16
sp06,babble,5,4.999999999999999,8.881784197001252e-16
sp06,babble,10,10.0,0.0
sp06,babble,15,15.0,0.0
sp07,white,-5,-5.000000000000001,8.881784197001252e-16
sp07,white,0,9.64327466553287e-16,9.64327466553287e-16
sp07,white,5,5.0,0.0
sp07,white,10,9.999999999999998,1.7763568394002505e-15
sp07,white,15,15.0,0.0
sp07,babble,-5,-5.000000000000001,8.881784197001252e-16
sp07,babble,0,-1.446491199829931e-15,1.446491199829931e-15
sp07,babble,5,5.0,0.0
sp07,babble,10,9.999999999999998,1.7763568394002505e-15
sp07,babble,15,15.0,0.0
sp08,white,-5,-5.000000000000001,8.881784197001252e-16
sp08,white,0,0.0,0.0
sp08,white,5,4.999999999999999,8.881784197001252e-16
sp08,white,10,10.0,0.0
sp08,white,15,15.0,0.0
sp08,babble,-5,-4.999999999999998,1.7763568394002505e-15
sp08,babble,0,1.928654933106574e-15,1.928654933106574e-15
sp08,babble,5,5.000000000000001,8.881784197001252e-16
sp08,babble,10,10.0,0.0
sp08,babble,15,15.0,0.0
sp09,white,-5,-4.999999999999999,8.881784197001252e-16
sp09,white,0,0.0,0.0
sp09,white,5,4.999999999999999,8.881784197001252e-16
sp09,white,10,10.0,0.0
sp09,white,15,15.0,0.0
sp09,babble,-5,-4.999999999999999,8.881784197001252e-16
sp09,babble,0,-1.446491199829931e-15,1.446491199829931e-15
sp09,babble,5,5.000000000000002,1.7763568394002505e-15
sp09,babble,10,9.999999999999998,1.7763568394002505e-15
sp09,babble,15,15.0,0.0
sp10,white,-5,-4.999999999999999,8.881784197001252e-16
sp10,white,0,0.0,0.0
sp10,white,5,5.000000000000001,8.881784197001252e-16
sp10,white,10,9.999999999999998,1.7763568394002505e-15
sp10,white,15,15.0,0.0
sp10,babble,-5,-5.000000000000001,8.881784197001252e-16
sp10,babble,0,0.0,0.0
sp10,babble,5,5.000000000000001,8.881784197001252e-16
sp10,babble,10,10.0,0.0
sp10,babble,15,15.0,0.0
sp11,white,-5,-5.0,0.0
sp11,white,0,0.0,0.0
sp11,white,5,4.999999999999999,8.881784197001252e-16
sp11,white,10,10.0,0.0
sp11,white,15,15.0,0.0
sp11,babble,-5,-5.000000000000001,8.881784197001252e-16
sp11,babble,0,-1.446491199829931e-15,1.446491199829931e-15
sp11,babble,5,4.999999999999999,8.881784197001252e-16
sp11,babble,10,10.0,0.0
sp11,babble,15,15.0,0.0
sp12,white,-5,-5.0,0.0
sp12,white,0,0.0,0.0
sp12,white,5,5.0,0.0
sp12,white,10,9.999999999999998,1.7763568394002505e-15
sp12,white,15,14.999999999999998,1.7763568394002505e-15
sp12,babble,-5,-4.999999999999998,1.7763568394002505e-15
sp12,babble,0,-1.446491199829931e-15,1.446491199829931e-15
sp12,babble,5,5.0,0.0
sp12,babble,10,9.999999999999998,1.7763568394002505e-15
sp12,babble,15,15.0,0.0
sp13,white,-5,-5.000000000000001,8.881784197001252e-16
sp13,white,0,0.0,0.0
sp13,white,5,5.0,0.0
sp13,white,10,9.999999999999998,1.7763568394002505e-15
sp13,white,15,15.0,0.0
sp13,babble,-5,-4.999999999999999,8.881784197001252e-16
sp13,babble,0,9.64327466553287e-16,9.64327466553287e-16
sp13,babble,5,5.000000000000001,8.881784197001252e-16
sp13,babble,10,10.0,0.0
sp13,babble,15,15.0,0.0
sp14,white,-5,-5.0,0.0
sp14,white,0,0.0,0.0
sp14,white,5,5.000000000000001,8.881784197001252e-16
sp14,white,10,10.0,0.0
sp14,white,15,15.0,0.0
sp14,babble,-5,-5.000000000000001,8.881784197001252e-16
sp14,babble,0,-1.9286549331065747e-15,1.9286549331065747e-15
sp14,babble,5,5.0,0.0
sp14,babble,10,10.0,0.0
sp14,babble,15,15.0,0.0
sp15,white,-5,-5.000000000000001,8.881784197001252e-16
sp15,white,0,-9.643274665532871e-16,9.643274665532871e-16
sp15,white,5,5.0,0.0
sp15,white,10,10.000000000000002,1.7763568394002505e-15
sp15,white,15,14.999999999999998,1.7763568394002505e-15
sp15,babble,-5,-5.000000000000001,8.881784197001252e-16
sp15,babble,0,-9.643274665532871e-16,9.643274665532871e-16
sp15,babble,5,5.0,0.0
sp15,babble,10,10.0,0.0
sp15,babble,15,15.000000000000002,1.7763568394002505e-15
sp16,white,-5,-5.0,0.0
sp16,white,0,0.0,0.0
sp16,white,5,4.999999999999999,8.881784197001252e-16
sp16,white,10,10.0,0.0
sp16,white,15,15.0,0.0
sp16,babble,-5,-4.999999999999999,8.881784197001252e-16
sp16,babble,0,0.0,0.0
sp16,babble,5,5.0,0.0
sp16,babble,10,9.999999999999998,1.7763568394002505e-15
sp16,babble,15,15.000000000000002,1.7763568394002505e-15
sp17,white,-5,-5.0,0.0
sp17,white,0,9.64327466553287e-16,9.64327466553287e-16
sp17,white,5,5.0,0.0
sp17,white,10,9.999999999999998,1.7763568394002505e-15
sp17,white,15,15.0,0.0
sp17,babble,-5,-4.999999999999999,8.881784197001252e-16
sp17,babble,0,0.0,0.0
sp17,babble,5,5.000000000000001,8.881784197001252e-16
sp17,babble,10,10.0,0.0
sp17,babble,15,15.0,0.0
sp18,white,-5,-5.000000000000001,8.881784197001252e-16
sp18,white,0,-1.9286549331065747e-15,1.9286549331065747e-15
sp18,white,5,5.000000000000001,8.881784197001252e-16
sp18,white,10,10.000000000000002,1.7763568394002505e-15
sp18,white,15,15.0,0.0
sp18,babble,-5,-5.000000000000001,8.881784197001252e-16
sp18,babble,0,9.64327466553287e-16,9.64327466553287e-16
sp18,babble,5,5.000000000000001,8.881784197001252e-16
sp18,babble,10,10.0,0.0
sp18,babble,15,15.0,0.0
sp19,white,-5,-5.0,0.0
sp19,white,0,0.0,0.0
sp19,white,5,5.0,0.0
sp19,white,10,9.999999999999998,1.7763568394002505e-15
sp19,white,15,15.0,0.0
sp19,babble,-5,-4.999999999999999,8.881784197001252e-16
sp19,babble,0,0.0,0.0
sp19,babble,5,5.0,0.0
sp19,babble,10,10.0,0.0
sp19,babble,15,15.0,0.0
sp20,white,-5,-5.000000000000001,8.881784197001252e-16
sp20,white,0,-9.643274665532871e-16,9.643274665532871e-16
sp20,white,5,5.0,0.0
sp20,white,10,9.999999999999998,1.7763568394002505e-15
sp20,white,15,15.0,0.0
sp20,babble,-5,-5.0,0.0
sp20,babble,0,-9.643274665532871e-16,9.643274665532871e-16
sp20,babble,5,5.0,0.0
sp20,babble,10,10.0,0.0
sp20,babble,15,15.000000000000002,1.7763568394002505e-15
sp21,white,-5,-5.000000000000001,8.881784197001252e-16
sp21,white,0,0.0,0.0
sp21,white,5,4.999999999999999,8.881784197001252e-16
sp21,white,10,9.999999999999998,1.7763568394002505e-15
sp21,white,15,15.0,0.0
sp21,babble,-5,-4.999999999999998,1.7763568394002505e-15
sp21,babble,0,0.0,0.0
sp21,babble,5,5.0,0.0
sp21,babble,10,9.999999999999998,1.7763568394002505e-15
sp21,babble,15,15.0,0.0
sp22,white,-5,-5.000000000000001,8.881784197001252e-16
sp22,white,0,9.64327466553287e-16,9.64327466553287e-16
sp22,white,5,4.999999999999999,8.881784197001252e-16
sp22,white,10,10.0,0.0
sp22,white,15,15.0,0.0
sp22,babble,-5,-4.999999999999998,1.7763568394002505e-15
sp22,babble,0,-1.446491199829931e-15,1.446491199829931e-15
sp22,babble,5,4.999999999999999,8.881784197001252e-16
sp22,babble,10,9.999999999999998,1.7763568394002505e-15
sp22,babble,15,15.000000000000002,1.7763568394002505e-15
sp23,white,-5,-5.0,0.0
sp23,white,0,0.0,0.0
sp23,white,5,4.999999999999998,1.7763568394002505e-15
sp23,white,10,10.0,0.0
sp23,white,15,15.000000000000002,1.7763568394002505e-15
sp23,babble,-5,-5.0,0.0
sp23,babble,0,0.0,0.0
sp23,babble,5,5.000000000000001,8.881784197001252e-16
sp23,babble,10,9.999999999999998,1.7763568394002505e-15
sp23,babble,15,15.0,0.0
sp24,white,-5,-4.999999999999999,8.881784197001252e-16
sp24,white,0,-4.821637332766436e-16,4.821637332766436e-16
sp24,white,5,5.0,0.0
sp24,white,10,9.999999999999998,1.7763568394002505e-15
sp24,white,15,15.0,0.0
sp24,babble,-5,-5.000000000000001,8.881784197001252e-16
sp24,babble,0,0.0,0.0
sp24,babble,5,4.999999999999999,8.881784197001252e-16
sp24,babble,10,9.999999999999998,1.7763568394002505e-15
sp24,babble,15,15.0,0.0
sp25,white,-5,-4.999999999999999,8.881784197001252e-16
sp25,white,0,9.64327466553287e-16,9.64327466553287e-16
sp25,white,5,4.999999999999999,8.881784197001252e-16
sp25,white,10,10.0,0.0
sp25,white,15,15.0,0.0
sp25,babble,-5,-5.000000000000001,8.881784197001252e-16
sp25,babble,0,-9.643274665532871e-16,9.643274665532871e-16
sp25,babble,5,4.999999999999999,8.881784197001252e-16
sp25,babble,10,10.0,0.0
sp25,babble,15,15.0,0.0
sp26,white,-5,-4.999999999999999,8.881784197001252e-16
sp26,white,0,0.0,0.0
sp26,white,5,5.0,0.0
sp26,white,10,10.0,0.0
sp26,white,15,15.0,0.0
sp26,babble,-5,-4.999999999999999,8.881784197001252e-16
sp26,babble,0,0.0,0.0
sp26,babble,5,5.0,0.0
sp26,babble,10,10.0,0.0
sp26,babble,15,15.0,0.0
sp27,white,-5,-5.0,0.0
sp27,white,0,0.0,0.0
sp27,white,5,5.0,0.0
sp27,white,10,10.0,0.0
sp27,white,15,15.0,0.0
sp27,babble,-5,-4.999999999999998,1.7763568394002505e-15
sp27,babble,0,-1.9286549331065747e-15,1.9286549331065747e-15
sp27,babble,5,4.999999999999999,8.881784197001252e-16
sp27,babble,10,10.0,0.0
sp27,babble,15,15.0,0.0
sp28,white,-5,-5.000000000000001,8.881784197001252e-16
sp28,white,0,0.0,0.0
sp28,white,5,5.0,0.0
sp28,white,10,10.0,0.0
sp28,white,15,14.999999999999998,1.7763568394002505e-15
sp28,babble,-5,-5.000000000000001,8.881784197001252e-16
sp28,babble,0,0.0,0.0
sp28,babble,5,5.0,0.0
sp28,babble,10,10.0,0.0
sp28,babble,15,15.0,0.0
sp29,white,-5,-5.0,0.0
sp29,white,0,0.0,0.0
sp29,white,5,5.000000000000001,8.881784197001252e-16
sp29,white,10,10.0,0.0
sp29,white,15,14.999999999999998,1.7763568394002505e-15
sp29,babble,-5,-4.999999999999998,1.7763568394002505e-15
sp29,babble,0,0.0,0.0
sp29,babble,5,5.000000000000001,8.881784197001252e-16
sp29,babble,10,9.999999999999998,1.7763568394002505e-15
sp29,babble,15,15.0,0.0
sp30,white,-5,-5.0,0.0
sp30,white,0,-1.446491199829931e-15,1.446491199829931e-15
sp30,white,5,5.0,0.0
sp30,white,10,10.0,0.0
sp30,white,15,15.0,0.0
sp30,babble,-5,-5.0,0.0
sp30,babble,0,-4.821637332766436e-16,4.821637332766436e-16
sp30,babble,5,5.000000000000001,8.881784197001252e-16
sp30,babble,10,10.0,0.0
sp30,babble,15,15.0,0.0
