sentence,noise,bias_db,spread_db,frame_energy_std_db
sp01,white,-0.08584537855757526,1.0711558609112672,0.5369297789501724
sp01,babble,2.7185510777101585,2.8902064401226046,3.511041206778385
sp02,white,-0.04514374283643706,1.3228254562167578,0.5715903279095399
sp02,babble,0.40497702162144594,4.3375342720959935,4.152454002052331
sp03,white,-0.0353833914420838,1.2044328044414485,0.5009954470566889
sp03,babble,-3.587798183906429,3.5420555767187722,5.2350148930224
sp04,white,-0.021594679618634312,1.1427727566947996,0.561139148782673
sp04,babble,-0.2675948540452119,4.515541660557453,4.5517717840195875
sp05,white,0.0010020538577742875,1.1646675707948115,0.5554673068944925
sp05,babble,-3.937881014168942,3.680160759733378,3.779575753330246
sp06,white,-0.1410947119253683,1.2382504482936487,0.48916366061304545
sp06,babble,-4.784020126410781,4.928327002143006,4.904809077002603
sp07,white,0.13293304190020927,1.2924553112148376,0.5485383342109544
sp07,babble,2.1780337956144056,3.3690090455774926,5.7494718786871175
sp08,white,0.031363071630325055,1.1749014258103143,0.5810346087770542
sp08,babble,-3.1359194898972493,4.558584069711056,4.1129296638337
sp09,white,0.056334308108757634,1.3149642377282527,0.4888177407254935
sp09,babble,-1.0354570863211598,3.9446539893495003,6.006003429462322
sp10,white,-0.2738391287931725,1.1481088486699085,0.5428776289859278
sp10,babble,3.485721859993789,3.7465915109230035,4.209923269113818
sp11,white,-0.15180603557168218,1.2153974100147173,0.5594826838789689
sp11,babble,-3.6884154527682855,5.167818248243814,6.314497014822005
sp12,white,-0.02525344064940987,1.0719219724881779,0.509440911428626
sp12,babble,-5.019463987071707,3.5047084149847834,4.3403925113066295
sp13,white,-0.27055681127370923,1.0365783459875793,0.5189652745735714
sp13,babble,-0.3644436539220367,3.745307216486725,5.383535715867891
sp14,white,-0.10659685467124852,1.4247807601195526,0.5572281258566193
sp14,babble,-0.8494862645711417,3.7241609490999625,3.582068143910638
sp15,white,-0.24986118996717785,1.1834210058334813,0.5383278545833333
sp15,babble,1.006531994131626,3.2576976631466956,4.502388298041524
sp16,white,0.019165295909023907,1.2289249406019034,0.5813157741704171
sp16,babble,-0.9708724768888247,4.015990075058597,7.315482854687222
sp17,white,-0.0217150414781761,1.0763254713265193,0.5423705666557526
sp17,babble,-1.7018394626575692,4.368173594114053,3.5517599000513362
sp18,white,-0.10078200105098536,1.1714897501469432,0.5675727804443241
sp18,babble,0.582770333882326,4.496410239641592,4.576508861936437
sp19,white,0.01682296158012965,1.21709681456179,0.4772907421453263
sp19,babble,-0.692418412146007,4.303100409573229,3.887425350723154
sp20,white,-0.1396640277062239,1.1578544597717058,0.5479551382862592
sp20,babble,0.013886432226600428,4.150621502734208,3.672115263528217
sp21,white,0.03738298987078968,1.1895570672046922,0.5201984293647559
sp21,babble,-0.6995700591457913,2.7140161434620107,5.108850137144304
sp22,white,-0.10990808199834687,1.3105527504782157,0.5486159621033914
sp22,babble,-5.712364706351538,3.8373415474255994,5.493722874108223
sp23,white,0.0876729293462071,1.2789610983859037,0.5958703327211056
sp23,babble,2.3619667476888915,4.95736249627745,5.410134863927838
sp24,white,0.11318491666542008,1.1715416536887355,0.5732944800342282
sp24,babble,-4.167428760546603,5.807646218762228,4.258173669215898
sp25,white,0.01662786114981263,1.1893196088226046,0.5578639766969006
sp25,babble,-1.2779091088036867,4.0318125184126945,5.753811580743256
sp26,white,-0.02974115578523167,1.282933608390717,0.4981887239276866
sp26,babble,-0.5996613977518397,3.213297456886429,4.147039085240778
sp27,white,-0.05971388419988805,1.102429661556137,0.5087302411044184
sp27,babble,2.8784360173175507,4.291873626642209,4.684524230992973
sp28,white,-0.0037706749182996667,1.1358445308981346,0.5282461711615322
sp28,babble,0.27994936899047257,3.4741739857165537,4.2655862820068995
sp29,white,0.06684651226520293,1.212534580531629,0.5841700186173018
sp29,babble,0.9514900354935087,5.0636666242185795,4.496431281836242
sp30,white,-0.14226540263231627,1.249727452379082,0.5499181327273122
sp30,babble,-1.3328332335932804,3.63091009330188,3.855388451722598
