sentence,noise,snr_in,segsnr,global_snr,pesq,stoi
sp01,white,-5,-6.042499768426432,-4.999999999999999,1.2536087036132812,0.5801476363029546
sp01,white,0,-2.9840563580487833,0.0,1.3044476509094238,0.6268817428971757
sp01,white,5,0.6845416184481296,5.000000000000001,1.4714469909667969,0.7250342768144084
sp01,white,10,4.601004389810147,10.0,1.711714267730713,0.8219809110588041
sp01,white,15,9.05701318726971,15.0,2.0170350074768066,0.8773306532785762
sp01,babble,-5,-4.696440667789079,-5.0,1.4165900945663452,0.5249881783170416
sp01,babble,0,-1.2383873697928773,-9.643274665532871e-16,1.3972570896148682,0.6411265632332497
sp01,babble,5,1.7967403635732149,4.999999999999999,1.6907660961151123,0.776129422374412
sp01,babble,10,5.1946418276725295,10.0,1.8643882274627686,0.8352359389220445
sp01,babble,15,10.20301794189748,15.0,2.313318967819214,0.941287197661125
sp02,white,-5,-6.125870956026337,-4.999999999999999,1.341392993927002,0.5530246822708923
sp02,white,0,-2.9230807128808607,-9.643274665532871e-16,1.4486660957336426,0.6578855341280962
sp02,white,5,0.6625960728309056,5.0,1.5659267902374268,0.7534098040633072
sp02,white,10,4.81903527080165,9.999999999999998,1.8413240909576416,0.8519408990335896
sp02,white,15,9.402001632415837,15.0,2.200183629989624,0.9185223729530781
sp02,babble,-5,-5.282176664390276,-4.999999999999998,1.5457377433776855,0.5408457989996758
sp02,babble,0,-1.1690285589949643,0.0,1.7023065090179443,0.6653503943262374
sp02,babble,5,1.8421104175639134,5.0,1.8841145038604736,0.7969611989406875
sp02,babble,10,7.046378156245623,10.0,2.2114880084991455,0.9051965549295466
sp02,babble,15,11.198034417768318,15.0,2.5569396018981934,0.9364370575024814
sp03,white,-5,-7.159964836064967,-4.999999999999999,1.1515235900878906,0.5374311647682423
sp03,white,0,-4.755993631552481,9.64327466553287e-16,1.2456705570220947,0.628866690552164
sp03,white,5,-1.7534630040453625,5.0,1.3959872722625732,0.7153644377406003
sp03,white,10,1.677398721621565,9.999999999999998,1.712458848953247,0.7996777782227887
sp03,white,15,6.062272955342023,15.0,2.1476516723632812,0.891970097226609
sp03,babble,-5,-7.255137201519358,-4.999999999999998,1.2507977485656738,0.554399565832298
sp03,babble,0,-2.8952923730445153,9.64327466553287e-16,1.5769717693328857,0.6703430670775934
sp03,babble,5,0.4045844912164941,5.0,1.6194796562194824,0.7770980392921113
sp03,babble,10,3.6962161185082154,10.0,1.9598348140716553,0.8778137545179463
sp03,babble,15,7.358731249216699,15.0,2.2755486965179443,0.9341060739767062
sp04,white,-5,-5.978791616009726,-5.000000000000001,1.371795415878296,0.6347218512015421
sp04,white,0,-3.0551928194031723,-9.643274665532871e-16,1.4653606414794922,0.6818471273040723
sp04,white,5,0.3096039517942053,4.999999999999999,1.5655925273895264,0.7695547323848402
sp04,white,10,3.9523405433531584,10.0,1.7580946683883667,0.8472278269490974
sp04,white,15,8.220512828352952,15.0,2.0716118812561035,0.8899061478647727
sp04,babble,-5,-5.5126958786043385,-5.0,1.4413583278656006,0.5460583605290624
sp04,babble,0,-2.478380954005906,0.0,1.6131850481033325,0.7161129693864051
sp04,babble,5,2.151913687933548,4.999999999999999,1.8268260955810547,0.8361852135051399
sp04,babble,10,5.908462564364876,9.999999999999998,2.2241034507751465,0.9230334242028709
sp04,babble,15,10.638174658416224,15.000000000000002,2.634340524673462,0.9584254545913278
sp05,white,-5,-5.588415593292186,-5.0,1.3031455278396606,0.6213992970749221
sp05,white,0,-2.0847439694610785,9.64327466553287e-16,1.3928043842315674,0.6845064899685777
sp05,white,5,1.5414772692864485,5.000000000000001,1.537213683128357,0.7433381013724792
sp05,white,10,5.576746617728145,10.0,1.7763731479644775,0.8435646068229798
sp05,white,15,9.722936085865584,15.0,2.130406141281128,0.9115085304087819
sp05,babble,-5,-4.1778388990548905,-5.0,1.3605016469955444,0.5903757802383406
sp05,babble,0,-0.6214301761713756,0.0,1.5636355876922607,0.6866500595942092
sp05,babble,5,1.6162730008277162,4.999999999999999,1.6266963481903076,0.8234971950693853
sp05,babble,10,8.428318864182751,10.0,2.031341552734375,0.9070840798169717
sp05,babble,15,13.396179555713829,15.000000000000002,2.528808116912842,0.9754078888592054
sp06,white,-5,-6.522452812578065,-4.999999999999999,1.352504849433899,0.5704829033690136
sp06,white,0,-3.8726420505159016,9.64327466553287e-16,1.4385682344436646,0.6695324671465108
sp06,white,5,-0.5376978207553856,5.0,1.5870065689086914,0.7655434813202271
sp06,white,10,3.239054109556729,10.0,1.8137202262878418,0.8476249178260209
sp06,white,15,7.589176402992101,15.0,2.1420533657073975,0.9222071549716249
sp06,babble,-5,-4.901663969290436,-5.000000000000001,1.4513486623764038,0.5631775575780931
sp06,babble,0,-3.5068493530293536,9.64327466553287e-16,1.4848979711532593,0.6889681798670376
sp06,babble,5,0.45520780355694884,5.0,1.7619938850402832,0.8270500881634252
sp06,babble,10,4.570037464684193,10.000000000000002,2.1096534729003906,0.9002906710817974
sp06,babble,15,9.32870897251967,15.0,2.4458906650543213,0.9564647672896771
sp07,white,-5,-6.698413878875544,-5.000000000000001,1.3373085260391235,0.5374422410071391
sp07,white,0,-3.9310268894762617,9.64327466553287e-16,1.409479022026062,0.6388691800880987
sp07,white,5,-0.3959232090326251,5.0,1.5569649934768677,0.7414762829733692
sp07,white,10,3.565892566085186,10.0,1.8076913356781006,0.8396547608405109
sp07,white,15,7.743094742860858,15.0,2.1892008781433105,0.9226866594599077
sp07,babble,-5,-4.401339337493058,-5.000000000000001,1.3345874547958374,0.5159838625282653
sp07,babble,0,-3.098821591196942,-9.643274665532871e-16,1.4547961950302124,0.6714954717850447
sp07,babble,5,1.4722643349446103,5.0,1.719933032989502,0.8018296651312414
sp07,babble,10,4.46631974607652,10.0,1.970402479171753,0.9148049094074412
sp07,babble,15,8.87325029615439,15.0,2.365849494934082,0.9531455360289786
sp08,white,-5,-6.883120014184261,-5.000000000000001,1.3085949420928955,0.527592675746782
sp08,white,0,-3.9164983834174834,0.0,1.3972644805908203,0.6473355277388477
sp08,white,5,-0.424900650818312,5.0,1.5284154415130615,0.7498382992661972
sp08,white,10,3.575567780488497,10.0,1.755871295928955,0.8552632523885455
sp08,white,15,7.908912373529992,15.0,2.107534170150757,0.9304725789341427
sp08,babble,-5,-4.881657878747942,-4.999999999999998,1.1405830383300781,0.5353326593520048
sp08,babble,0,-2.9780219083255033,1.928654933106574e-15,1.5105048418045044,0.6699751737835837
sp08,babble,5,0.351280697517236,5.000000000000001,1.7927708625793457,0.8259349829711162
sp08,babble,10,5.2582445160795706,10.0,2.1920480728149414,0.9150269393811941
sp08,babble,15,8.705461567937238,15.0,2.4573264122009277,0.948569026210897
sp09,white,-5,-5.8190376129389305,-5.0,1.1600898504257202,0.5335793869127777
sp09,white,0,-2.665006987502651,0.0,1.2147090435028076,0.5993483820015046
sp09,white,5,1.2354026916732845,4.999999999999999,1.3105180263519287,0.6984525179328567
sp09,white,10,5.621454616159973,10.0,1.4690847396850586,0.7847943458414689
sp09,white,15,10.13405284453141,15.0,1.7447373867034912,0.8719099844445809
sp09,babble,-5,-4.130662206111235,-5.0,1.1556366682052612,0.44691996790740834
sp09,babble,0,-1.187791007417656,-1.446491199829931e-15,1.3280861377716064,0.6530288526402734
sp09,babble,5,3.2655250593710705,5.000000000000002,1.5596599578857422,0.7693596322052919
sp09,babble,10,7.5505594773498155,9.999999999999998,1.8107929229736328,0.8434400579030471
sp09,babble,15,11.095588392330399,15.0,2.1890902519226074,0.9180021268815689
sp10,white,-5,-6.692349722317664,-5.0,1.3074833154678345,0.5564252006180374
sp10,white,0,-3.6769301571974107,0.0,1.362176775932312,0.6708311359443624
sp10,white,5,0.04470318377119013,5.0,1.4855955839157104,0.7596649992353233
sp10,white,10,4.0941055075260895,9.999999999999998,1.694739818572998,0.8473514819154808
sp10,white,15,8.426678466361864,15.0,1.9733531475067139,0.9068099509784149
sp10,babble,-5,-5.870654297321699,-5.000000000000001,1.13436758518219,0.5513570002466894
sp10,babble,0,-3.2110240060730235,0.0,1.3977667093276978,0.6538095026510932
sp10,babble,5,1.6271254155572954,5.0,1.7863647937774658,0.8025545040609411
sp10,babble,10,5.19671690432364,10.0,2.018482208251953,0.8887909006486207
sp10,babble,15,9.224367614221016,15.0,2.1834537982940674,0.9488293053074157
sp11,white,-5,-6.5287009057081855,-4.999999999999999,1.2272322177886963,0.5349305158832292
sp11,white,0,-3.2437230061505957,0.0,1.3069089651107788,0.6185913145293231
sp11,white,5,0.9308268829749657,4.999999999999999,1.4360268115997314,0.709142506417869
sp11,white,10,5.395645496871087,10.0,1.610268473625183,0.7878784186408684
sp11,white,15,10.055219843219595,15.0,1.924965262413025,0.8554057057188559
sp11,babble,-5,-4.9926468888319215,-5.000000000000001,1.2010765075683594,0.46104578281529957
sp11,babble,0,-1.995325683795487,-9.643274665532871e-16,1.277051329612732,0.5241792301506452
sp11,babble,5,2.6026872814121607,5.0,1.4993749856948853,0.7103520953395854
sp11,babble,10,7.3963643100575815,10.0,1.8142945766448975,0.8403249624241632
sp11,babble,15,11.633040454351365,15.0,2.2967560291290283,0.9335908686784944
sp12,white,-5,-6.438386221757636,-5.0,1.2380729913711548,0.6052787364318619
sp12,white,0,-3.3851483921495205,0.0,1.307981014251709,0.6962255604126739
sp12,white,5,0.2567589085370628,5.0,1.400816559791565,0.7900576136809474
sp12,white,10,4.2760409000687085,9.999999999999998,1.5980979204177856,0.8628161921780396
sp12,white,15,8.637748870633697,15.0,1.9013402462005615,0.9047027273842357
sp12,babble,-5,-4.7444913058812626,-4.999999999999998,1.2174558639526367,0.5767470733424588
sp12,babble,0,-2.6218209460773787,-1.446491199829931e-15,1.2940382957458496,0.7012398535245365
sp12,babble,5,1.096980408842475,5.0,1.528869867324829,0.8462983548186117
sp12,babble,10,5.257347990540381,9.999999999999998,1.8110792636871338,0.9104418200032951
sp12,babble,15,10.130045977064098,15.0,2.1956424713134766,0.9638570798006669
sp13,white,-5,-6.360361414523596,-5.0,1.298999309539795,0.5899544135711271
sp13,white,0,-3.576877299582278,0.0,1.4254655838012695,0.657043663503381
sp13,white,5,-0.17495370961321852,5.0,1.6009774208068848,0.7471732815358185
sp13,white,10,3.5186961593202906,9.999999999999998,1.8695766925811768,0.8411308702708246
sp13,white,15,7.714019119718747,15.0,2.227022647857666,0.8772369279183811
sp13,babble,-5,-5.94237040887571,-4.999999999999999,1.2326099872589111,0.5241002094035837
sp13,babble,0,-0.8199352689193506,9.64327466553287e-16,1.5062475204467773,0.6903462875378137
sp13,babble,5,1.4289601991953196,5.0,1.5975384712219238,0.7552912184253437
sp13,babble,10,6.14081781642881,10.0,2.076698064804077,0.9025385777360241
sp13,babble,15,8.892154271768863,15.0,2.4848296642303467,0.9517249130008769
sp14,white,-5,-7.261656533169339,-5.0,1.163033366203308,0.4800488481773511
sp14,white,0,-4.597801547748717,0.0,1.23343825340271,0.5718131536631802
sp14,white,5,-0.8871879635560888,5.000000000000001,1.3630092144012451,0.6720636943472326
sp14,white,10,3.270848117753797,10.0,1.5644035339355469,0.7875417423655662
sp14,white,15,8.023919883481993,15.0,1.8645813465118408,0.848736371155765
sp14,babble,-5,-6.459359873047388,-5.000000000000001,1.1567330360412598,0.40661065557965526
sp14,babble,0,-2.3303678529966088,-1.9286549331065747e-15,1.2965792417526245,0.5094734845192148
sp14,babble,5,0.2202152022977545,5.0,1.438797116279602,0.6721483345417403
sp14,babble,10,4.584097858378235,9.999999999999998,1.6939079761505127,0.8093378552649606
sp14,babble,15,9.269099387091575,15.0,2.078301429748535,0.8740773386253927
sp15,white,-5,-6.312091708623362,-5.000000000000001,1.1769918203353882,0.4994668142450346
sp15,white,0,-3.0154575940699253,-4.821637332766436e-16,1.2486577033996582,0.6250223560031497
sp15,white,5,0.9526265468967507,5.0,1.3770744800567627,0.7378002680130239
sp15,white,10,5.1765061300570725,10.000000000000002,1.6185479164123535,0.8265044971203
sp15,white,15,9.517435973758667,14.999999999999998,1.9790465831756592,0.8780472329924807
sp15,babble,-5,-4.810737273958703,-5.000000000000001,1.1903501749038696,0.4722622680860282
sp15,babble,0,-2.0701789070999124,-4.821637332766436e-16,1.3207323551177979,0.6080890550202339
sp15,babble,5,2.0540432558913757,5.0,1.5172548294067383,0.7442274145655321
sp15,babble,10,6.024179873190709,10.0,1.7771246433258057,0.8613465853817002
sp15,babble,15,11.480192468640366,15.0,2.2311718463897705,0.9446044436179374
sp16,white,-5,-6.49743413461086,-5.0,1.445552945137024,0.635939673012229
sp16,white,0,-4.250207670162479,0.0,1.358502984046936,0.7495540481523487
sp16,white,5,-1.6863496801912203,4.999999999999999,1.5472370386123657,0.8160006813892693
sp16,white,10,1.8714076445321297,10.0,1.834113597869873,0.8469244353791984
sp16,white,15,6.418382602161571,15.0,2.1800320148468018,0.8834278657123253
sp16,babble,-5,-6.513326389063072,-4.999999999999999,1.206437587738037,0.6036294432907723
sp16,babble,0,-3.1784645068763004,0.0,1.29258394241333,0.7458950844437218
sp16,babble,5,2.3066489162909734,5.0,1.656010627746582,0.8384311598248676
sp16,babble,10,3.1851884662267467,9.999999999999998,1.945909023284912,0.894614842391284
sp16,babble,15,7.267442471933204,15.000000000000002,2.239625930786133,0.9409245099574083
sp17,white,-5,-5.96942324170653,-5.0,1.1635878086090088,0.517670973631189
sp17,white,0,-2.306840188322698,0.0,1.2374098300933838,0.6459181587502202
sp17,white,5,1.7284355428816807,4.999999999999999,1.3695876598358154,0.7296355820316208
sp17,white,10,5.940247541821882,9.999999999999998,1.5871021747589111,0.8276880407728893
sp17,white,15,10.536334451603246,15.0,1.9332371950149536,0.8621366427897931
sp17,babble,-5,-4.59244941035215,-4.999999999999999,1.2404743432998657,0.4492872574168255
sp17,babble,0,-1.6274043015294686,0.0,1.2539160251617432,0.6135690773120043
sp17,babble,5,2.44632595637764,5.0,1.4440717697143555,0.7006388549582271
sp17,babble,10,7.893203881477119,10.0,1.765506625175476,0.839326175791748
sp17,babble,15,11.949989226729269,15.0,2.015636920928955,0.9211800881459576
sp18,white,-5,-6.536398529909812,-5.000000000000001,1.1858651638031006,0.5680932884399933
sp18,white,0,-3.8586183667124945,-1.446491199829931e-15,1.2646812200546265,0.6671683107694595
sp18,white,5,-0.06298490108113049,5.000000000000001,1.4113311767578125,0.77300195208304
sp18,white,10,3.914700135635411,10.0,1.639295220375061,0.8392409410138002
sp18,white,15,8.214696975385596,15.0,1.9561845064163208,0.8843907961756746
sp18,babble,-5,-6.125219447622471,-5.000000000000001,1.1177952289581299,0.5145720343092313
sp18,babble,0,-2.820849117315846,9.64327466553287e-16,1.4081752300262451,0.6341230627248076
sp18,babble,5,0.6448324796120755,5.000000000000001,1.4773812294006348,0.7475869095381048
sp18,babble,10,5.636072970487069,10.0,1.848573088645935,0.8728733700040879
sp18,babble,15,9.702074852759662,15.0,2.4261012077331543,0.9296233071119209
sp19,white,-5,-6.790061121588358,-5.0,1.243552803993225,0.5732579940645054
sp19,white,0,-4.138786266257008,0.0,1.3446077108383179,0.6563866228547657
sp19,white,5,-0.7095711055032832,5.000000000000001,1.508461594581604,0.7274499909020852
sp19,white,10,3.387690354734744,10.0,1.7208173274993896,0.8039303970582657
sp19,white,15,7.693058291490528,15.0,2.006342887878418,0.8536533008482754
sp19,babble,-5,-5.7553235819790824,-4.999999999999999,1.3058178424835205,0.5349887910364118
sp19,babble,0,-3.294863375023248,9.64327466553287e-16,1.3684098720550537,0.5862617656607718
sp19,babble,5,0.789306479970684,5.0,1.659616231918335,0.7380189419833088
sp19,babble,10,5.2663259592746545,10.0,1.8328328132629395,0.8130090188356833
sp19,babble,15,9.331732184335026,15.000000000000002,2.077425718307495,0.8910506251615565
sp20,white,-5,-6.8215218157746795,-5.000000000000001,1.2965564727783203,0.6138973284839743
sp20,white,0,-4.050557581833466,-1.446491199829931e-15,1.3932584524154663,0.6982482972163603
sp20,white,5,-0.7974884298214682,4.999999999999999,1.5873160362243652,0.7855238236186464
sp20,white,10,2.5097980867652674,10.0,1.8216731548309326,0.8560042788088605
sp20,white,15,6.352942892429919,15.0,2.166151523590088,0.8924366879475643
sp20,babble,-5,-6.056091066802785,-5.0,1.3244396448135376,0.6044438871299127
sp20,babble,0,-2.859297371773184,-1.446491199829931e-15,1.4305626153945923,0.686006686721244
sp20,babble,5,-0.027203418991043792,4.999999999999999,1.6718049049377441,0.8202317792405354
sp20,babble,10,3.1908489747495183,10.0,1.8990020751953125,0.9063481372839929
sp20,babble,15,8.11078148655966,15.0,2.261775255203247,0.9516764811078289
sp21,white,-5,-6.256650469997708,-5.000000000000001,1.527482271194458,0.5389111915422258
sp21,white,0,-3.4791851061559544,0.0,1.6639792919158936,0.6161554208174145
sp21,white,5,-0.13312664879985855,4.999999999999999,1.8228566646575928,0.7118023894598958
sp21,white,10,3.5498006291218385,9.999999999999998,2.0476462841033936,0.7996524908427705
sp21,white,15,7.514906392802647,15.0,2.437598705291748,0.886151561917129
sp21,babble,-5,-5.472131829030676,-4.999999999999998,1.463485836982727,0.4959890996238888
sp21,babble,0,-2.4194041206827537,-4.821637332766436e-16,1.5499873161315918,0.6627758897734642
sp21,babble,5,0.5031752375529839,5.0,1.9668030738830566,0.7753684200713566
sp21,babble,10,4.873082362168024,9.999999999999998,2.448859691619873,0.8714621381123521
sp21,babble,15,9.26334688248581,15.0,2.6934146881103516,0.9499435988510356
sp22,white,-5,-5.950344321968406,-5.000000000000001,1.211230754852295,0.4858923482224389
sp22,white,0,-2.5641101706532816,9.64327466553287e-16,1.2688220739364624,0.5770432530220764
sp22,white,5,1.3748091062916648,5.0,1.3848782777786255,0.6852973065341615
sp22,white,10,5.653981136079398,9.999999999999998,1.6086053848266602,0.7795236721844427
sp22,white,15,10.22630963094587,15.0,1.954967737197876,0.8597198467734226
sp22,babble,-5,-4.804743054179842,-4.999999999999999,1.341217279434204,0.497685756008353
sp22,babble,0,-0.43548141255246076,-9.643274665532871e-16,1.3882203102111816,0.600572172932182
sp22,babble,5,3.1917516638341263,4.999999999999999,1.5297614336013794,0.7068307229292379
sp22,babble,10,6.168847346990055,9.999999999999998,1.7408124208450317,0.8167403642421526
sp22,babble,15,12.35907159150211,15.000000000000002,2.317490816116333,0.892217990689194
sp23,white,-5,-6.2962476565756775,-5.000000000000001,1.243479609489441,0.5243953370883417
sp23,white,0,-3.4063175569280184,0.0,1.322970986366272,0.6260020855267739
sp23,white,5,-0.05320324540348649,4.999999999999998,1.4866464138031006,0.7332045964272836
sp23,white,10,3.7968676725316572,9.999999999999998,1.7536311149597168,0.8258314145597464
sp23,white,15,8.153737786103695,15.000000000000002,2.107388496398926,0.892127855403477
sp23,babble,-5,-4.422361022060138,-5.0,1.1515893936157227,0.4610744107027682
sp23,babble,0,-2.7502662950055434,0.0,1.484365701675415,0.6261747573838456
sp23,babble,5,2.2079321969847525,5.0,1.679328441619873,0.7586068551880412
sp23,babble,10,5.226230892425727,9.999999999999998,2.0856950283050537,0.9091332206084237
sp23,babble,15,9.69006479067601,15.0,2.352951765060425,0.9577746607453076
sp24,white,-5,-6.114590793193571,-4.999999999999999,1.3013839721679688,0.47094665939572133
sp24,white,0,-2.7642572666428635,-1.446491199829931e-15,1.406353235244751,0.5577634561683985
sp24,white,5,1.0712656332979398,5.0,1.5736713409423828,0.684150650557038
sp24,white,10,5.381012057101541,9.999999999999998,1.8388652801513672,0.7553805388671496
sp24,white,15,9.88953940299815,15.0,2.1881871223449707,0.8393335151973276
sp24,babble,-5,-4.2449937618878675,-5.000000000000001,1.091530203819275,0.3795457764614429
sp24,babble,0,-0.9199639379688487,0.0,1.485440969467163,0.5749081463098444
sp24,babble,5,2.714888786030971,4.999999999999999,1.7694125175476074,0.7211863552184515
sp24,babble,10,7.230787511279369,9.999999999999998,2.0722501277923584,0.8317834768039225
sp24,babble,15,12.005833266209764,15.0,2.3901143074035645,0.9159689375560799
sp25,white,-5,-7.023283571450136,-4.999999999999999,1.4292792081832886,0.5332624981515128
sp25,white,0,-4.507684632992447,1.928654933106574e-15,1.504777431488037,0.6203085796648824
sp25,white,5,-0.9591503952406656,4.999999999999999,1.6169193983078003,0.7135007666792065
sp25,white,10,3.0312397880189015,10.0,1.7556841373443604,0.7817608523688274
sp25,white,15,7.452906309746551,15.0,2.024101495742798,0.8447881647369394
sp25,babble,-5,-5.195765992050491,-5.000000000000001,1.4805964231491089,0.4146969535341771
sp25,babble,0,-2.5446691116564124,-9.643274665532871e-16,1.5699057579040527,0.5932358331625248
sp25,babble,5,1.379323974036358,4.999999999999999,1.8438122272491455,0.7558397508873888
sp25,babble,10,3.775079629705503,10.0,1.9152276515960693,0.8379070946974819
sp25,babble,15,9.472587577964136,15.000000000000002,2.4378151893615723,0.9426970430582957
sp26,white,-5,-6.811684836397494,-4.999999999999999,1.261655569076538,0.6030706289867127
sp26,white,0,-3.688077380405228,0.0,1.365071177482605,0.7129948728926282
sp26,white,5,0.1507316712107706,5.0,1.5074522495269775,0.8071203204064172
sp26,white,10,4.413108311934246,10.0,1.7996418476104736,0.8764562676110312
sp26,white,15,8.842491739029052,15.0,2.2264456748962402,0.9168229668977311
sp26,babble,-5,-5.549255904520124,-5.0,1.1965742111206055,0.513382812105184
sp26,babble,0,-2.225946573113995,0.0,1.432401180267334,0.7290990863354854
sp26,babble,5,0.6297605065542727,5.0,1.6546272039413452,0.8511139263834688
sp26,babble,10,6.654018931411534,10.0,2.031325578689575,0.949660808393027
sp26,babble,15,10.48253176359338,15.0,2.4579830169677734,0.9819977873376591
sp27,white,-5,-5.962768776560811,-5.000000000000001,1.3922879695892334,0.6002577415937117
sp27,white,0,-3.0263263260850133,0.0,1.5181957483291626,0.7158918757556564
sp27,white,5,0.21566365279901822,5.0,1.7024040222167969,0.7690190806857862
sp27,white,10,3.6594858425444223,9.999999999999998,2.032313346862793,0.8750085588880167
sp27,white,15,7.633573226405379,15.0,2.4045228958129883,0.9106069069761785
sp27,babble,-5,-5.466230590771051,-4.999999999999999,1.328357219696045,0.5924234440726599
sp27,babble,0,-2.0432753208581755,-1.9286549331065747e-15,1.5212314128875732,0.7178053897734862
sp27,babble,5,0.6594962607868587,4.999999999999999,1.683078646659851,0.8439207888063043
sp27,babble,10,5.1800324572592835,9.999999999999998,2.170142889022827,0.9318858836941011
sp27,babble,15,10.032819422904913,15.0,2.531533718109131,0.9768806241297749
sp28,white,-5,-6.6385251839467285,-5.000000000000001,1.2740211486816406,0.5607488059222381
sp28,white,0,-3.4937247382106764,0.0,1.3886303901672363,0.721033156108219
sp28,white,5,0.30684279213960614,5.0,1.5430015325546265,0.8240176283463999
sp28,white,10,4.431766862249222,10.0,1.7957968711853027,0.900903217016734
sp28,white,15,9.019587528987111,15.0,2.150503158569336,0.9413253694049316
sp28,babble,-5,-5.5588103129480935,-5.000000000000001,1.2940152883529663,0.5726276595105592
sp28,babble,0,-2.356186380852233,0.0,1.4237196445465088,0.750624161253574
sp28,babble,5,0.8391139969191748,5.0,1.5843915939331055,0.8556201179009503
sp28,babble,10,5.585808105653895,10.0,1.9777674674987793,0.9351219498532921
sp28,babble,15,10.883333581247157,15.0,2.4225118160247803,0.978050902298695
sp29,white,-5,-6.583144067759067,-4.999999999999999,1.2693842649459839,0.6084917436106154
sp29,white,0,-3.4434356565778574,0.0,1.368847131729126,0.7265818066535584
sp29,white,5,0.09150345850194193,5.000000000000001,1.528038740158081,0.8226213998930144
sp29,white,10,4.007295478427192,10.0,1.8327453136444092,0.8831812266947633
sp29,white,15,8.486339967106673,14.999999999999998,2.212038516998291,0.9269864586116441
sp29,babble,-5,-4.012581731455689,-4.999999999999998,1.174157977104187,0.5681938179143924
sp29,babble,0,-1.687993447182292,0.0,1.4158861637115479,0.7420448987616883
sp29,babble,5,1.888048460594143,5.000000000000001,1.6772456169128418,0.8570468643098597
sp29,babble,10,5.546964009999979,10.0,2.0166733264923096,0.938844074690956
sp29,babble,15,9.249831914092836,15.0,2.4974899291992188,0.9714169445453321
sp30,white,-5,-6.732785486334483,-5.000000000000001,1.2924792766571045,0.5131247211355175
sp30,white,0,-3.429242327649056,-1.446491199829931e-15,1.388455867767334,0.6142297573723134
sp30,white,5,0.13619611693587114,5.0,1.6220170259475708,0.7441373702061876
sp30,white,10,3.8380541532053423,10.000000000000002,1.9443362951278687,0.8368301569953951
sp30,white,15,8.222634698970174,15.0,2.4432942867279053,0.9010881309110067
sp30,babble,-5,-5.313702511047507,-5.000000000000001,1.3620214462280273,0.4648263100641118
sp30,babble,0,-1.3930849063900044,-9.643274665532871e-16,1.4714329242706299,0.6685523643726116
sp30,babble,5,1.0145273758102258,5.000000000000001,1.7337678670883179,0.7564364645459702
sp30,babble,10,5.345807665726055,10.0,2.25943922996521,0.9143581564558
sp30,babble,15,9.722882018351644,15.0,2.5021486282348633,0.9488654495108888
