sentence,noise,snr_in,method,variant,alpha,beta,eta,wavelet,level,pesq_noisy,pesq_out,pesq_out_shift1,stoi_noisy,stoi_out,segsnr_out,unstable
sp07,white,10,spectral_sub,,5.0,0.0,,,,1.8076913356781006,2.4895713329315186,2.4895718097686768,0.8396547608405109,0.7302808254014702,5.055982102269615,False
sp07,white,10,spectral_sub,,5.0,0.005,,,,1.8076913356781006,2.570075511932373,2.570075750350952,0.8396547608405109,0.7327208970900378,5.07758398963434,False
sp09,babble,-5,wavelet,level_dependent,,,,db4,6,1.1556366682052612,4.4026055335998535,1.038730263710022,0.44691996790740834,0.18598226909022414,-0.7642025207435182,True
sp09,white,-5,wavelet,level_dependent,,,,db4,6,1.1600898504257202,1.9445559978485107,1.9428958892822266,0.5335793869127777,0.21701190646091673,-2.1060518070385865,False
sp11,white,10,spectral_sub,,5.0,0.005,,,,1.610268473625183,2.1122050285339355,2.1122045516967773,0.7878784186408684,0.6820938531603216,5.457504373365707,False
sp11,white,10,spectral_sub,,5.0,0.01,,,,1.610268473625183,2.165567636489868,2.165567398071289,0.7878784186408684,0.6876910013832236,5.476364150521631,False
sp14,white,10,spectral_sub,,5.0,0.005,,,,1.5644035339355469,2.0750763416290283,2.0750763416290283,0.7875417423655662,0.6822002467812236,4.737633606237635,False
sp15,babble,0,wavelet,level_dependent,,,,db4,5,1.3207323551177979,2.2161686420440674,2.438718557357788,0.6080890550202339,0.2787485981656478,-0.4819756390025085,False
sp18,white,-5,wavelet,level_dependent,,,,db4,6,1.1858651638031006,2.9677371978759766,4.169054985046387,0.5680932884399933,0.2808095772851473,-2.21522520476872,True
sp18,white,-5,wavelet,level_dependent,,,,db8,5,1.1858651638031006,3.088653087615967,1.7094879150390625,0.5680932884399933,0.2529561282401972,-2.877063025014033,True
sp18,white,-5,wavelet,level_dependent,,,,db8,6,1.1858651638031006,2.8758208751678467,2.8391189575195312,0.5680932884399933,0.2799865222779432,-2.208326519296563,False
sp18,white,-5,wavelet,level_dependent,,,,sym8,5,1.1858651638031006,3.1504786014556885,3.15047550201416,0.5680932884399933,0.2164954223150393,-2.843329952078643,False
sp18,white,-5,wavelet,level_dependent,,,,sym8,6,1.1858651638031006,3.6363282203674316,3.775942325592041,0.5680932884399933,0.1648144802018299,-2.1804695839061163,False
sp18,white,-5,wavelet,universal,,,,sym8,5,1.1858651638031006,1.8300588130950928,1.8300530910491943,0.5680932884399933,0.2520618608791695,-2.7174622674834588,False
sp19,babble,0,wavelet,level_dependent,,,,db4,5,1.3684098720550537,1.8990362882614136,1.8990354537963867,0.5862617656607718,0.4210943833441908,0.07196323772760126,False
sp19,babble,0,wavelet,level_dependent,,,,db4,6,1.3684098720550537,1.8802553415298462,1.8850153684616089,0.5862617656607718,0.40972457866897305,0.14234743441959166,False
sp22,white,10,spectral_sub,,5.0,0.0,,,,1.6086053848266602,2.2570815086364746,2.2570807933807373,0.7795236721844427,0.6543965569206289,6.006611672467947,False
sp22,white,10,spectral_sub,,5.0,0.005,,,,1.6086053848266602,2.4029946327209473,2.402994155883789,0.7795236721844427,0.6673033107993562,6.0265303582323115,False
sp22,white,15,spectral_sub,,5.0,0.0,,,,1.954967737197876,2.7348811626434326,2.7348809242248535,0.8597198467734226,0.737554138827511,9.053726119146408,False
sp22,white,15,spectral_sub,,5.0,0.005,,,,1.954967737197876,2.834470272064209,2.834470272064209,0.8597198467734226,0.7437210248207303,9.071702950896837,False
sp22,white,15,spectral_sub,,5.0,0.01,,,,1.954967737197876,2.9079160690307617,2.9079160690307617,0.8597198467734226,0.7535060943297035,9.08929585874207,False
sp23,white,5,spectral_sub,,5.0,0.0,,,,1.4866464138031006,2.069610834121704,2.069610834121704,0.7332045964272836,0.6262189754784079,2.847073562409312,False
sp24,white,-5,wavelet,level_dependent,,,,db8,6,1.3013839721679688,4.338032245635986,1.0549763441085815,0.47094665939572133,0.2885089841637511,-1.8215576856935443,True
sp28,white,-5,wavelet,universal,,,,sym8,6,1.2740211486816406,4.249589920043945,1.0408486127853394,0.5607488059222381,0.31593141060267954,-1.9594603777450152,True
