noise,alpha,beta,n,d_segsnr_mean,d_segsnr_std,d_pesq_mean,d_pesq_std,d_stoi_mean,d_stoi_std,segsnr_out_mean,pesq_out_mean,stoi_out_mean,segsnr_noisy_mean,pesq_noisy_mean,stoi_noisy_mean
babble,1.0,0.0,150,1.0846481878893883,0.7456993907117022,0.0182119886080424,0.09763113248799297,-0.015825597610691387,0.02247673993572372,3.018505173949451,1.7638589064280192,0.7404262539817437,1.933856986060063,1.7456469178199767,0.7562518515924351
babble,1.0,0.005,150,1.0874191553317363,0.745593105107628,0.018661941687266034,0.0973773314120384,-0.015773197551202475,0.022432214292407743,3.0212761413918,1.764308859507243,0.7404786540412327,1.933856986060063,1.7456469178199767,0.7562518515924351
babble,1.0,0.01,150,1.0901542409318867,0.7454698382873222,0.019443759123484294,0.09752158706082993,-0.015715787419745962,0.022379493379265612,3.0240112269919495,1.7650906769434611,0.7405360641726892,1.933856986060063,1.7456469178199767,0.7562518515924351
babble,1.0,0.02,150,1.0955153689518213,0.7451641547001697,0.022335463364919025,0.09713580319231682,-0.01558879835845449,0.022253976920005615,3.0293723550118843,1.7679823811848958,0.7406630532339807,1.933856986060063,1.7456469178199767,0.7562518515924351
babble,1.0,0.05,150,1.1106015424551792,0.7436919263557595,0.0320708696047465,0.09720999077703889,-0.015125471722203689,0.021745201752192734,3.0444585285152423,1.7777177874247234,0.7411263798702314,1.933856986060063,1.7456469178199767,0.7562518515924351
babble,1.0,0.1,150,1.1322380400784653,0.7393882948212158,0.049181115627288816,0.09686007453010949,-0.014152553719225454,0.020607913552191846,3.066095026138528,1.7948280334472657,0.7420992978732098,1.933856986060063,1.7456469178199767,0.7562518515924351
babble,2.0,0.0,150,0.8893697139605269,1.4347670943469755,-0.032469838460286456,0.13621070329988463,-0.04492228535894693,0.04016813553406918,2.8232267000205895,1.7131770793596903,0.7113295662334883,1.933856986060063,1.7456469178199767,0.7562518515924351
babble,2.0,0.005,150,0.8972248000068226,1.4350677018166966,-0.029650699297587076,0.1350468675782296,-0.04468486590105128,0.03993290534927607,2.8310817860668855,1.7159962185223898,0.7115669856913839,1.933856986060063,1.7456469178199767,0.7562518515924351
babble,2.0,0.01,150,0.9047638351867637,1.4351253634380254,-0.026136275132497153,0.1355542944013218,-0.044294931407466154,0.03946201271477992,2.8386208212468267,1.7195106426874796,0.711956920184969,1.933856986060063,1.7456469178199767,0.7562518515924351
babble,2.0,0.02,150,0.9189181994698011,1.4345076838394646,-0.013466835816701253,0.13476309399228253,-0.04331017060728504,0.03829431299728917,2.852775185529864,1.7321800820032756,0.7129416809851502,1.933856986060063,1.7456469178199767,0.7562518515924351
babble,2.0,0.05,150,0.9545545794422567,1.4275880509026757,0.0208285657564799,0.13475658226694287,-0.03987409450338836,0.03471279707356064,2.8884115655023206,1.7664754835764567,0.7163777570890468,1.933856986060063,1.7456469178199767,0.7562518515924351
babble,2.0,0.1,150,0.9950077481949541,1.4051646917376208,0.06519278764724731,0.13521726580804275,-0.034045375519236386,0.02940295484845307,2.9288647342550176,1.810839705467224,0.7222064760731989,1.933856986060063,1.7456469178199767,0.7562518515924351
babble,3.0,0.0,150,0.5558049345262911,2.02748185281962,-0.08620694716771443,0.15775419886604042,-0.07663616883007801,0.052341025544676616,2.4896619205863546,1.6594399706522625,0.6796156827623572,1.933856986060063,1.7456469178199767,0.7562518515924351
babble,3.0,0.005,150,0.5682513333906299,2.0281312471567396,-0.07856651306152344,0.1551609613788205,-0.07526155997079934,0.050309669369850804,2.5021083194506932,1.6670804047584533,0.6809902916216358,1.933856986060063,1.7456469178199767,0.7562518515924351
babble,3.0,0.01,150,0.5795974716317499,2.0276906947507243,-0.06774788618087768,0.15555607119815196,-0.07347439327672793,0.0481739038508451,2.513454457691813,1.6778990316390991,0.6827774583157074,1.933856986060063,1.7456469178199767,0.7562518515924351
babble,3.0,0.02,150,0.5992645058871867,2.023961287101147,-0.046057944297790525,0.15446072967067362,-0.07007539635474354,0.04484979295711614,2.53312149194725,1.6995889735221863,0.6861764552376916,1.933856986060063,1.7456469178199767,0.7562518515924351
babble,3.0,0.05,150,0.6398726342168058,1.9982296765517307,0.010257086753845214,0.15507988087379868,-0.060723608529060974,0.03741458953198816,2.5737296202768696,1.7559040045738221,0.6955282430633741,1.933856986060063,1.7456469178199767,0.7562518515924351
babble,3.0,0.1,150,0.671208785632866,1.9391337117281104,0.07363917986551921,0.1535565089363114,-0.04797151836648161,0.028646201019190184,2.6050657716929293,1.819286097685496,0.7082803332259536,1.933856986060063,1.7456469178199767,0.7562518515924351
babble,4.0,0.0,150,0.2466553331116578,2.500670493222786,-0.13295045375823974,0.1728910895812012,-0.10663706395133174,0.06010090210166134,2.180512319171721,1.6126964640617372,0.6496147876411035,1.933856986060063,1.7456469178199767,0.7562518515924351
babble,4.0,0.005,150,0.26284520808734124,2.5017185426559454,-0.11911290884017944,0.1695707464804981,-0.10203464741516158,0.05444097293640954,2.1967021941474045,1.6265340089797973,0.6542172041772737,1.933856986060063,1.7456469178199767,0.7562518515924351
babble,4.0,0.01,150,0.27679452642141844,2.500454859028585,-0.10106700658798218,0.16748715256311156,-0.09809655688010918,0.051269708255116925,2.2106515124814816,1.6445799112319945,0.6581552947123259,1.933856986060063,1.7456469178199767,0.7562518515924351
babble,4.0,0.02,150,0.2988998819694139,2.4922983866610307,-0.06882692734400431,0.1642740983846589,-0.09130570618372337,0.04641638179892607,2.2327568680294774,1.6768199904759724,0.6649461454087119,1.933856986060063,1.7456469178199767,0.7562518515924351
babble,4.0,0.05,150,0.3349663597052945,2.4444390606042097,0.00756616989771525,0.16171044234605605,-0.07558056269948979,0.036446411300861105,2.268823345765358,1.7532130877176921,0.6806712888929454,1.933856986060063,1.7456469178199767,0.7562518515924351
babble,4.0,0.1,150,0.34919734996294066,2.349236811877682,0.07813225507736206,0.1609442796467195,-0.0569555542538586,0.026232601027512254,2.283054336023004,1.823779172897339,0.6992962973385767,1.933856986060063,1.7456469178199767,0.7562518515924351
babble,5.0,0.0,150,-0.01263252491395425,2.8860292341516742,-0.17438116391499836,0.18181530844089805,-0.13406532309795227,0.06778894092212946,1.9212244611461085,1.5712657539049784,0.6221865284944829,1.933856986060063,1.7456469178199767,0.7562518515924351
babble,5.0,0.005,150,0.006484302180937203,2.8869613881336047,-0.15392674684524535,0.1761155654155224,-0.12438488438013404,0.05716109717596206,1.9403412882410005,1.5917201709747315,0.6318669672123012,1.933856986060063,1.7456469178199767,0.7562518515924351
babble,5.0,0.01,150,0.02210486883332203,2.884062926668072,-0.13103598356246948,0.17155928000507747,-0.11770779666470708,0.0523332920637477,1.9559618548933853,1.6146109342575072,0.638544054927728,1.933856986060063,1.7456469178199767,0.7562518515924351
babble,5.0,0.02,150,0.04492662126794278,2.8699474620991308,-0.0858514666557312,0.16719382976670327,-0.10693986794807603,0.04554977063548272,1.9787836073280058,1.6597954511642456,0.6493119836443592,1.933856986060063,1.7456469178199767,0.7562518515924351
babble,5.0,0.05,150,0.07372194325189936,2.7983526002302552,0.006263360977172851,0.17694411944250954,-0.0845790620169315,0.033974922482096485,2.0075789293119626,1.7519102787971497,0.6716727895755037,1.933856986060063,1.7456469178199767,0.7562518515924351
babble,5.0,0.1,150,0.07341548545341053,2.6735482843614715,0.07832249244054158,0.15784935509072312,-0.06113123910394665,0.02494480961141604,2.007272471513474,1.8239694102605184,0.6951206124884886,1.933856986060063,1.7456469178199767,0.7562518515924351
white,1.0,0.0,150,4.243317190074005,0.5762200146012285,0.32397000551223754,0.19783977085449364,0.016368559624208176,0.012720352822500093,4.778308426259335,1.9276105658213298,0.7519011150996546,0.5349912361853306,1.6036405603090922,0.7355325554754466
white,1.0,0.005,150,4.242864080266175,0.5758406700400678,0.32383594433466595,0.19775310572345103,0.01638484457373607,0.01269810359819806,4.777855316451506,1.927476504643758,0.7519174000491826,0.5349912361853306,1.6036405603090922,0.7355325554754466
white,1.0,0.01,150,4.242297763131808,0.5754401838950102,0.3237417578697205,0.19767127067234547,0.016401766570834912,0.012674460911919826,4.77728899931714,1.9273823181788126,0.7519343220462814,0.5349912361853306,1.6036405603090922,0.7355325554754466
white,1.0,0.02,150,4.240810750664729,0.574571347175689,0.32366167068481444,0.197498047346443,0.016438259860639213,0.012622143101147969,4.775801986850059,1.9273022309939067,0.7519708153360858,0.5349912361853306,1.6036405603090922,0.7355325554754466
white,1.0,0.05,150,4.233273208779016,0.5713593620490397,0.3237205696105957,0.19688096093664562,0.01657582096681974,0.012426924666622869,4.768264444964347,1.927361129919688,0.7521083764422664,0.5349912361853306,1.6036405603090922,0.7355325554754466
white,1.0,0.1,150,4.2086939413039754,0.5635982298328341,0.3224784596761068,0.1950892143587964,0.016967570261271624,0.011949982285382427,4.743685177489306,1.926119019985199,0.7525001257367182,0.5349912361853306,1.6036405603090922,0.7355325554754466
white,2.0,0.0,150,5.290600408168924,1.637065869785579,0.4998787752787272,0.31460476663662634,0.00504649102941293,0.025434866236361865,5.825591644354254,2.1035193355878192,0.7405790465048595,0.5349912361853306,1.6036405603090922,0.7355325554754466
white,2.0,0.005,150,5.297748039119644,1.6350014868169054,0.5089943893750508,0.3149251661998401,0.005110007977068346,0.025335655979484596,5.8327392753049745,2.1126349496841432,0.740642563452515,0.5349912361853306,1.6036405603090922,0.7355325554754466
white,2.0,0.01,150,5.301919022167663,1.6311274991812434,0.5253308717409769,0.3163488192897035,0.005253638579210117,0.025104483944702095,5.836910258352994,2.128971432050069,0.7407861940546567,0.5349912361853306,1.6036405603090922,0.7355325554754466
white,2.0,0.02,150,5.301603623172156,1.61828922357467,0.5512120993932088,0.3188388935636358,0.005916539789287395,0.024262661645938634,5.836594859357486,2.154852659702301,0.7414490952647339,0.5349912361853306,1.6036405603090922,0.7355325554754466
white,2.0,0.05,150,5.242247216628148,1.549616731929394,0.5616683038075765,0.31975061258129767,0.009656889978208846,0.020644523019400986,5.777238452813479,2.165308864116669,0.7451894454536553,0.5349912361853306,1.6036405603090922,0.7355325554754466
white,2.0,0.1,150,5.020297862375332,1.3957959256794386,0.5047699125607809,0.30804784240455946,0.015517136267441766,0.015443171002312251,5.555289098560664,2.108410472869873,0.7510496917428883,0.5349912361853306,1.6036405603090922,0.7355325554754466
white,3.0,0.0,150,4.514299034597596,2.4005699140671686,0.4850168180465698,0.3453049191378905,-0.012842309816425871,0.02785012557248241,5.049290270782926,2.088657378355662,0.7226902456590206,0.5349912361853306,1.6036405603090922,0.7355325554754466
white,3.0,0.005,150,4.529527742035898,2.3978279009815697,0.532853213151296,0.3559198016959407,-0.011774152467011759,0.026114365883660833,5.064518978221229,2.1364937734603884,0.7237584030084347,0.5349912361853306,1.6036405603090922,0.7355325554754466
white,3.0,0.01,150,4.532281026191444,2.3827971021763648,0.5253112252553304,0.35260742317824906,-0.008949420885209891,0.02384884806762887,5.0672722623767745,2.1289517855644227,0.7265831345902366,0.5349912361853306,1.6036405603090922,0.7355325554754466
white,3.0,0.02,150,4.508826288116105,2.326889421640562,0.48579330762227374,0.32056824431755165,-0.004954897602144126,0.02097341020418506,5.043817524301437,2.089433867931366,0.7305776578733025,0.5349912361853306,1.6036405603090922,0.7355325554754466
white,3.0,0.05,150,4.327530895138903,2.0931781694385165,0.41383461475372313,0.28393685141500635,-0.0003372963165095055,0.01669530578201421,4.862522131324234,2.0174751750628155,0.735195259158937,0.5349912361853306,1.6036405603090922,0.7355325554754466
white,3.0,0.1,150,3.9771477968383926,1.7799521211042788,0.3515717514355977,0.27143389554201336,0.0017970449582310655,0.012746866714920622,4.512139033023723,1.95521231174469,0.7373296004336777,0.5349912361853306,1.6036405603090922,0.7355325554754466
white,4.0,0.0,150,3.5990339432304563,2.710377537492585,0.3208009338378906,0.3220946707537994,-0.04695822126390002,0.03521107467365708,4.1340251794157865,1.9244414941469827,0.6885743342115465,0.5349912361853306,1.6036405603090922,0.7355325554754466
white,4.0,0.005,150,3.617394968350736,2.7077736824709078,0.38523054917653404,0.3330824474322937,-0.039860901624662,0.029392594681544502,4.152386204536067,1.9888711094856262,0.6956716538507846,0.5349912361853306,1.6036405603090922,0.7355325554754466
white,4.0,0.01,150,3.621235347970042,2.690025264878158,0.3711194221178691,0.31937063193830484,-0.03371774385730446,0.026046024598251276,4.156226584155372,1.9747599824269613,0.7018148116181421,0.5349912361853306,1.6036405603090922,0.7355325554754466
white,4.0,0.02,150,3.597236491736969,2.6250443357218605,0.33008501370747884,0.27677434186302796,-0.02670579687463576,0.022436861182214798,4.1322277279223,1.933725574016571,0.7088267586008108,0.5349912361853306,1.6036405603090922,0.7355325554754466
white,4.0,0.05,150,3.4180492610995103,2.368264161745069,0.27537801742553714,0.23437541200616407,-0.019122772224431053,0.01751499616734775,3.953040497284841,1.8790185777346293,0.7164097832510156,0.5349912361853306,1.6036405603090922,0.7355325554754466
white,4.0,0.1,150,3.095240061648707,2.040629257593534,0.24027841170628866,0.22861224498568664,-0.013507658734110235,0.013657937827947365,3.630231297834037,1.8439189720153808,0.7220248967413363,0.5349912361853306,1.6036405603090922,0.7355325554754466
white,5.0,0.0,150,2.9175887755246377,2.9450733488770693,0.18561249176661174,0.29001387458918537,-0.09205844351590531,0.049870074995249994,3.4525800117099683,1.789253052075704,0.6434741119595412,0.5349912361853306,1.6036405603090922,0.7355325554754466
white,5.0,0.005,150,2.9380497067011606,2.9428212651696604,0.2576851050059001,0.2990621004310575,-0.0723821133047581,0.03470656061923481,3.4730409428864912,1.8613256653149923,0.6631504421706884,0.5349912361853306,1.6036405603090922,0.7355325554754466
white,5.0,0.01,150,2.9439201024742876,2.92518992232765,0.2521882430712382,0.2839186530602273,-0.06170397944286924,0.030417940002625175,3.4789113386596173,1.8558288033803303,0.6738285760325774,0.5349912361853306,1.6036405603090922,0.7355325554754466
white,5.0,0.02,150,2.9239642152010994,2.8600421957561384,0.2209100619951884,0.2400540095858624,-0.048657685414608506,0.02595496369574859,3.458955451386431,1.8245506223042807,0.6868748700608381,0.5349912361853306,1.6036405603090922,0.7355325554754466
white,5.0,0.05,150,2.758346513347051,2.601830438116844,0.18432532787322997,0.19998396953229844,-0.03286277905537474,0.01989757364405788,3.2933377495323817,1.7879658881823222,0.7026697764200718,0.5349912361853306,1.6036405603090922,0.7355325554754466
white,5.0,0.1,150,2.4627159599566304,2.2728427528677324,0.1686672035853068,0.196131786551687,-0.02235763940021283,0.015310437796108009,2.997707196141961,1.772307763894399,0.7131749160752338,0.5349912361853306,1.6036405603090922,0.7355325554754466
