noise,snr_in,alpha,beta,n,d_segsnr_mean,d_segsnr_std,d_pesq_mean,d_pesq_std,d_stoi_mean,d_stoi_std,segsnr_out_mean,pesq_out_mean,stoi_out_mean,segsnr_noisy_mean,pesq_noisy_mean,stoi_noisy_mean
babble,-5,1.0,0.0,30,1.6855378303952793,0.5649369422395499,-0.04536967277526856,0.08660821648158368,-0.04944561286809738,0.01739684650226687,-3.552557481494332,1.2315718094507853,0.4664734595964558,-5.2380953118896105,1.2769414822260539,0.5159190724645532
babble,-5,1.0,0.005,30,1.6886657545513055,0.5656173125894418,-0.04531772136688232,0.08531521800702145,-0.049331072137383906,0.01736051216978336,-3.549429557338306,1.2316237608591716,0.4665880003271693,-5.2380953118896105,1.2769414822260539,0.5159190724645532
babble,-5,1.0,0.01,30,1.691710166753436,0.5662592510521401,-0.045928303400675455,0.0855858774983757,-0.04919601057256316,0.0173140458089105,-3.5463851451361754,1.2310131788253784,0.46672306189199003,-5.2380953118896105,1.2769414822260539,0.5159190724645532
babble,-5,1.0,0.02,30,1.6975405699169601,0.5674476380968216,-0.04436339537302653,0.08424466981651314,-0.048878958604231554,0.017189145627872545,-3.5405547419726506,1.2325780868530274,0.4670401138603216,-5.2380953118896105,1.2769414822260539,0.5159190724645532
babble,-5,1.0,0.05,30,1.7128551486522299,0.5700045400427646,-0.03485492467880249,0.0807174564004075,-0.04762444171269637,0.01657510662103478,-3.525240163237382,1.2420865575472513,0.4682946307518568,-5.2380953118896105,1.2769414822260539,0.5159190724645532
babble,-5,1.0,0.1,30,1.731542039423593,0.57066934430709,-0.021376645565032958,0.08430454485741297,-0.04481463071240518,0.015199541917400885,-3.506553272466019,1.2555648366610208,0.471104441752148,-5.2380953118896105,1.2769414822260539,0.5159190724645532
babble,-5,2.0,0.0,30,2.37212097344774,0.7718599007017826,-0.09100362459818521,0.11733919068490732,-0.09809514568199046,0.029011952797887975,-2.865974338441872,1.1859378576278687,0.4178239267825627,-5.2380953118896105,1.2769414822260539,0.5159190724645532
babble,-5,2.0,0.005,30,2.381642220882802,0.7740882677389178,-0.08910537560780843,0.11311275020312894,-0.09757637312664133,0.028494680492062444,-2.8564530910068098,1.1878361066182455,0.41834269933791185,-5.2380953118896105,1.2769414822260539,0.5159190724645532
babble,-5,2.0,0.01,30,2.3902494083118726,0.7758028722510266,-0.09216684103012085,0.11328001966730668,-0.09645147411759644,0.027632007994687197,-2.847845903577739,1.184774641195933,0.4194675983469568,-5.2380953118896105,1.2769414822260539,0.5159190724645532
babble,-5,2.0,0.02,30,2.404795630789443,0.7777472123228049,-0.08015068372090657,0.1162351994752528,-0.09351313588301548,0.02591572979842506,-2.833299681100169,1.1967907985051474,0.42240593658153774,-5.2380953118896105,1.2769414822260539,0.5159190724645532
babble,-5,2.0,0.05,30,2.4298975923754673,0.7744136864141756,-0.061372212568918866,0.11679089164477427,-0.08398611602716079,0.02300845673130226,-2.8081977195141437,1.215569269657135,0.4319329564373924,-5.2380953118896105,1.2769414822260539,0.5159190724645532
babble,-5,2.0,0.1,30,2.429847437605731,0.753000456513448,-0.027867738405863443,0.10900113694714521,-0.06949938957582516,0.02126517480566668,-2.8082478742838797,1.2490737438201904,0.446419682888728,-5.2380953118896105,1.2769414822260539,0.5159190724645532
babble,-5,3.0,0.0,30,2.8936065741583974,0.9548900105243202,-0.11622098684310914,0.11956215142728446,-0.13716906045792082,0.04122549633022989,-2.344488737731214,1.1607204953829446,0.37875001200663233,-5.2380953118896105,1.2769414822260539,0.5159190724645532
babble,-5,3.0,0.005,30,2.9083313730171367,0.9570537160265485,-0.11343369086583456,0.11003169225198776,-0.13334796485803344,0.038306678435726015,-2.3297639388724742,1.1635077913602194,0.3825711076065198,-5.2380953118896105,1.2769414822260539,0.5159190724645532
babble,-5,3.0,0.01,30,2.9196041221125197,0.9571869355346577,-0.10884712139765422,0.12170589973672427,-0.12797238262327695,0.03607335795415027,-2.318491189777091,1.1680943608283996,0.38794668984127617,-5.2380953118896105,1.2769414822260539,0.5159190724645532
babble,-5,3.0,0.02,30,2.933139118323753,0.9524449260993585,-0.09935652812321981,0.11844886312611816,-0.11830277705828786,0.03420658652472074,-2.304956193565858,1.177584954102834,0.39761629540626536,-5.2380953118896105,1.2769414822260539,0.5159190724645532
babble,-5,3.0,0.05,30,2.925644393300077,0.9150567605095922,-0.07342549959818521,0.12333178133704356,-0.09537340504296564,0.032612079777798064,-2.312450918589534,1.2035159826278687,0.42054566742158755,-5.2380953118896105,1.2769414822260539,0.5159190724645532
babble,-5,3.0,0.1,30,2.845893591499025,0.8422185197684084,-0.021565012137095132,0.11228510275914562,-0.06924245430365199,0.02911910889437756,-2.3922017203905868,1.2553764700889587,0.4466766181609012,-5.2380953118896105,1.2769414822260539,0.5159190724645532
babble,-5,4.0,0.0,30,3.275904350421799,1.0766010311508007,-0.12507541179656984,0.11175924424656938,-0.1670323306480957,0.05144023156286905,-1.9621909614678128,1.151866070429484,0.34888674181645757,-5.2380953118896105,1.2769414822260539,0.5159190724645532
babble,-5,4.0,0.005,30,3.2944431430236754,1.0780368505274491,-0.12136589288711548,0.11863038600796477,-0.15197383253559152,0.04538512745815559,-1.9436521688659358,1.1555755893389383,0.36394523992896166,-5.2380953118896105,1.2769414822260539,0.5159190724645532
babble,-5,4.0,0.01,30,3.306061686717503,1.075739246179165,-0.10972912708918253,0.12370182599317082,-0.14036533824233427,0.045114473675423525,-1.9320336251721077,1.1672123551368714,0.375553734222219,-5.2380953118896105,1.2769414822260539,0.5159190724645532
babble,-5,4.0,0.02,30,3.3124413347877417,1.0624789357055981,-0.09237645467122396,0.1224338267841354,-0.12321057781861797,0.04455899079150337,-1.9256539771018701,1.1845650275548298,0.3927084946459352,-5.2380953118896105,1.2769414822260539,0.5159190724645532
babble,-5,4.0,0.05,30,3.2577051400841,0.991453057505927,-0.051490445931752525,0.13559507382381195,-0.0922652511478684,0.04025044782418771,-1.9803901718055106,1.2254510362943014,0.4236538213166848,-5.2380953118896105,1.2769414822260539,0.5159190724645532
babble,-5,4.0,0.1,30,3.101055440879992,0.8737268987012214,-0.0193711519241333,0.1319905966887174,-0.06315932191264241,0.03167204666487541,-2.1370398710096192,1.2575703303019206,0.4527597505519108,-5.2380953118896105,1.2769414822260539,0.5159190724645532
babble,-5,5.0,0.0,30,3.608429539960753,1.1444726047486344,-0.14566758076349895,0.11378328799325893,-0.19853388276074838,0.06885624833181546,-1.6296657719288572,1.131273901462555,0.3173851897038048,-5.2380953118896105,1.2769414822260539,0.5159190724645532
babble,-5,5.0,0.005,30,3.628709439484895,1.1445858300730214,-0.1446473757425944,0.11906932032518894,-0.16494147390419084,0.05554901360383419,-1.6093858724047168,1.1322941064834595,0.35097759856036237,-5.2380953118896105,1.2769414822260539,0.5159190724645532
babble,-5,5.0,0.01,30,3.6376270551219507,1.1383687412166126,-0.13441185156504312,0.11677637376609656,-0.14696932562471757,0.05307662607936061,-1.6004682567676611,1.1425296306610107,0.36894974683983567,-5.2380953118896105,1.2769414822260539,0.5159190724645532
babble,-5,5.0,0.02,30,3.6306613943287527,1.1138601826784305,-0.08830787738164265,0.11397401719831095,-0.12316995667868075,0.04938687629397423,-1.6074339175608587,1.1886336048444113,0.3927491157858725,-5.2380953118896105,1.2769414822260539,0.5159190724645532
babble,-5,5.0,0.05,30,3.5183947093628416,1.0119137094443353,-0.023525691032409667,0.2041905770678793,-0.08533435646082392,0.04099698677157762,-1.7197006025267703,1.253415791193644,0.4305847160037292,-5.2380953118896105,1.2769414822260539,0.5159190724645532
babble,-5,5.0,0.1,30,3.295411080800245,0.8743183100986747,-0.009799015522003175,0.11640312583466343,-0.053761340634076275,0.03095885519816698,-1.9426842310893662,1.2671424667040507,0.46215773183047687,-5.2380953118896105,1.2769414822260539,0.5159190724645532
babble,0,1.0,0.0,30,1.4388244719700016,0.4751982587259361,-0.021124839782714844,0.06357162841715132,-0.02119644722091529,0.01587971397199117,-0.7205023992207191,1.419551682472229,0.6348647701796988,-2.159326871190721,1.4406765222549438,0.6560612174006141
babble,0,1.0,0.005,30,1.4411900859656288,0.4754987316848769,-0.02082068125406901,0.06342126893304309,-0.021130888857119282,0.015836679244581136,-0.718136785225092,1.4198558410008748,0.6349303285434951,-2.159326871190721,1.4406765222549438,0.6560612174006141
babble,0,1.0,0.01,30,1.4435370967138994,0.47579553580150474,-0.020215479532877605,0.06325579806594392,-0.02106352540332428,0.015791474471176514,-0.7157897744768213,1.4204610427220663,0.63499769199729,-2.159326871190721,1.4406765222549438,0.6560612174006141
babble,0,1.0,0.02,30,1.4481270898494107,0.4763813824413336,-0.01781726280848185,0.062260959482944314,-0.020923411955940243,0.015693892657778177,-0.71119978134131,1.422859259446462,0.635137805444674,-2.159326871190721,1.4406765222549438,0.6560612174006141
babble,0,1.0,0.05,30,1.4608751062508427,0.4778848131616722,-0.015508182843526204,0.06402337858800057,-0.0204670660722373,0.015371056088391318,-0.6984517649398779,1.4251683394114176,0.6355941513283768,-2.159326871190721,1.4406765222549438,0.6560612174006141
babble,0,1.0,0.1,30,1.4786350807144013,0.479436991016565,0.0010751922925313314,0.05580721721838684,-0.01959777538521308,0.014717402037279545,-0.6806917904763197,1.4417517145474752,0.6364634420154012,-2.159326871190721,1.4406765222549438,0.6560612174006141
babble,0,2.0,0.0,30,1.6863900207189781,0.7546822724002871,-0.08155920108159383,0.09561435662056328,-0.06089216430839723,0.035036503241543886,-0.4729368504717424,1.35911732117335,0.5951690530922171,-2.159326871190721,1.4406765222549438,0.6560612174006141
babble,0,2.0,0.005,30,1.6940717972855581,0.7547386312381091,-0.07962665955225627,0.09527979196681961,-0.06062653945943805,0.0348909979421617,-0.46525507390516263,1.3610498627026877,0.5954346779411761,-2.159326871190721,1.4406765222549438,0.6560612174006141
babble,0,2.0,0.01,30,1.7014995998826392,0.7547404120196904,-0.07615750233332316,0.09481471871809125,-0.060253372189845694,0.03462667280810741,-0.45782727130808104,1.3645190199216206,0.5958078452107685,-2.159326871190721,1.4406765222549438,0.6560612174006141
babble,0,2.0,0.02,30,1.715613144902068,0.7545701009034624,-0.06703583399454753,0.09326714607344595,-0.05929496211042917,0.033902787464295724,-0.4437137262886528,1.3736406882603964,0.596766255290185,-2.159326871190721,1.4406765222549438,0.6560612174006141
babble,0,2.0,0.05,30,1.7521736967991441,0.7524075012872469,-0.03895154396692912,0.08720947367346467,-0.05542573530389519,0.031029519314739747,-0.40715317439157667,1.4017249782880148,0.6006354820967191,-2.159326871190721,1.4406765222549438,0.6560612174006141
babble,0,2.0,0.1,30,1.7941694133136745,0.744163207254823,-0.002636241912841797,0.08208369449919249,-0.047914733160899926,0.026034407313539062,-0.3651574578770466,1.438040280342102,0.6081464842397143,-2.159326871190721,1.4406765222549438,0.6560612174006141
babble,0,3.0,0.0,30,1.7789222551551067,0.8932651802274696,-0.1325230320294698,0.11675727855935385,-0.10147831444698446,0.04764023451491319,-0.38040461603561376,1.3081534902254741,0.5545829029536299,-2.159326871190721,1.4406765222549438,0.6560612174006141
babble,0,3.0,0.005,30,1.7917905064388935,0.8930246985828271,-0.12364797592163086,0.11424251629575094,-0.09941656773057524,0.04468596827202197,-0.3675363647518271,1.317028546333313,0.556644649670039,-2.159326871190721,1.4406765222549438,0.6560612174006141
babble,0,3.0,0.01,30,1.8035672360286348,0.8923277176773365,-0.11384849945704142,0.11222863343406249,-0.09723553573880482,0.04267572999689268,-0.35575963516208636,1.3268280227979024,0.5588256816618092,-2.159326871190721,1.4406765222549438,0.6560612174006141
babble,0,3.0,0.02,30,1.8239733089504813,0.8896825228320717,-0.0962043841679891,0.11055906702689378,-0.0932973635798405,0.040062063049853075,-0.33535356224023943,1.3444721380869546,0.5627638538207739,-2.159326871190721,1.4406765222549438,0.6560612174006141
babble,0,3.0,0.05,30,1.864653285350373,0.8762187374181549,-0.049111870924631755,0.10395803164554411,-0.08144300980917887,0.03395150210013031,-0.29467358584034764,1.3915646513303122,0.5746182075914353,-2.159326871190721,1.4406765222549438,0.6560612174006141
babble,0,3.0,0.1,30,1.888014497384152,0.85206668092044,0.0011136094729105631,0.09881864334622388,-0.06346908652706439,0.026346914895241384,-0.27131237380656864,1.4417901317278543,0.5925921308735498,-2.159326871190721,1.4406765222549438,0.6560612174006141
babble,0,4.0,0.0,30,1.8312323950142941,0.9935050972148085,-0.16342035134633381,0.12393041787784391,-0.13650133734596406,0.05609434806775762,-0.32809447617642634,1.27725617090861,0.5195598800546501,-2.159326871190721,1.4406765222549438,0.6560612174006141
babble,0,4.0,0.005,30,1.8487837839552652,0.9932198561154876,-0.1516988436381022,0.11915436940399024,-0.13122898754958462,0.05027928289021625,-0.31054308723545543,1.2889776786168416,0.5248322298510296,-2.159326871190721,1.4406765222549438,0.6560612174006141
babble,0,4.0,0.01,30,1.8637630427860505,0.9917645895377233,-0.13740224440892537,0.1184177639976067,-0.1269985473284268,0.04808562023778539,-0.29556382840467005,1.3032742778460185,0.5290626700721875,-2.159326871190721,1.4406765222549438,0.6560612174006141
babble,0,4.0,0.02,30,1.886663935340969,0.9860125688543439,-0.11109245618184407,0.11731093261888756,-0.11844692666770155,0.044076621240220985,-0.2726629358497512,1.3295840660730998,0.5376142907329127,-2.159326871190721,1.4406765222549438,0.6560612174006141
babble,0,4.0,0.05,30,1.915881536500476,0.9599782527737032,-0.04898658990859985,0.11158882252951509,-0.095092546533639,0.03480118574554188,-0.2434453346902442,1.391689932346344,0.5609686708669753,-2.159326871190721,1.4406765222549438,0.6560612174006141
babble,0,4.0,0.1,30,1.8995076622703704,0.9171747466370258,0.012382737795511882,0.10846597515888805,-0.06701592711236204,0.02507611614615102,-0.25981920892034993,1.4530592600504557,0.5890452902882521,-2.159326871190721,1.4406765222549438,0.6560612174006141
babble,0,5.0,0.0,30,1.8418504175417547,1.0467967190398937,-0.1880939483642578,0.13287359621952546,-0.1615613215599529,0.06038782840212184,-0.317476453648966,1.252582573890686,0.49449989584066145,-2.159326871190721,1.4406765222549438,0.6560612174006141
babble,0,5.0,0.005,30,1.8631843638657493,1.046583101404077,-0.1685083270072937,0.1287398090588032,-0.1514244981485166,0.053854178780027157,-0.29614250732497144,1.2721681952476502,0.5046367192520976,-2.159326871190721,1.4406765222549438,0.6560612174006141
babble,0,5.0,0.01,30,1.8807307052113211,1.0445309693350195,-0.15210699240366618,0.12685814380814217,-0.1431162137992669,0.05026899318284099,-0.2785961659793998,1.2885695298512776,0.5129450036013474,-2.159326871190721,1.4406765222549438,0.6560612174006141
babble,0,5.0,0.02,30,1.905624443095648,1.0361520689942394,-0.12254739205042521,0.12593832928265078,-0.12825881347849585,0.04410186366699151,-0.25370242809507254,1.3181291302045186,0.5278024039221185,-2.159326871190721,1.4406765222549438,0.6560612174006141
babble,0,5.0,0.05,30,1.9250379493451626,0.9974522389088322,-0.04745098352432251,0.12271295785696043,-0.09559401907326892,0.03208875276975167,-0.23428892184555833,1.3932255387306214,0.5604671983273453,-2.159326871190721,1.4406765222549438,0.6560612174006141
babble,0,5.0,0.1,30,1.876657350049092,0.937716297100519,0.019515339533487955,0.11523836794034882,-0.06266083861262846,0.022492169971732492,-0.28266952114162863,1.4601918617884317,0.5934003787879857,-2.159326871190721,1.4406765222549438,0.6560612174006141
babble,5,1.0,0.0,30,1.157240038082042,0.5402542989627572,0.007385635375976562,0.0805472111427023,-0.005697793648022771,0.013176316658999623,2.609701387817553,1.6701040983200073,0.7773620487249985,1.452461349735511,1.6627184629440308,0.7830598423730213
babble,5,1.0,0.005,30,1.1602115417446803,0.5400040178039511,0.007843728860219319,0.0805065512387552,-0.005658428188159718,0.013154099423141,2.6126728914801918,1.6705621918042501,0.7774014141848614,1.452461349735511,1.6627184629440308,0.7830598423730213
babble,5,1.0,0.01,30,1.1631414099300719,0.5397370894068388,0.008865761756896972,0.0803538942235416,-0.005617329110969852,0.013129725903999289,2.6156027596655833,1.6715842247009278,0.7774425132620514,1.452461349735511,1.6627184629440308,0.7830598423730213
babble,5,1.0,0.02,30,1.1689033506558304,0.539157392353477,0.011718046665191651,0.08000521647095109,-0.005528785493260328,0.013076390040270277,2.621364700391341,1.6744365096092224,0.7775310568797609,1.452461349735511,1.6627184629440308,0.7830598423730213
babble,5,1.0,0.05,30,1.1852992027371365,0.5372156425746004,0.022234765688578288,0.07883072141860462,-0.005210101380382478,0.012858073491481749,2.6377605524726473,1.684953228632609,0.7778497409926388,1.452461349735511,1.6627184629440308,0.7830598423730213
babble,5,1.0,0.1,30,1.2090726616823768,0.533043107422013,0.03867046038309733,0.07655470659468576,-0.004551604040878095,0.012315568517876092,2.661534011417887,1.701388923327128,0.7785082383321431,1.452461349735511,1.6627184629440308,0.7830598423730213
babble,5,2.0,0.0,30,0.96993660048275,0.8044317020640737,-0.060123916467030844,0.11804789208757956,-0.03420804068850337,0.02248486934907334,2.422397950218261,1.602594546477,0.7488518016845178,1.452461349735511,1.6627184629440308,0.7830598423730213
babble,5,2.0,0.005,30,0.9783625704573549,0.8035514840822781,-0.05646994908650716,0.1172065088576899,-0.03400304180147443,0.02240479824324496,2.4308239201928656,1.6062485138575235,0.7490568005715467,1.452461349735511,1.6627184629440308,0.7830598423730213
babble,5,2.0,0.01,30,0.9865603813223133,0.8026794727857987,-0.05140842994054159,0.11759643193824754,-0.03376210417809633,0.022314825093188072,2.4390217310578235,1.611310033003489,0.749297738194925,1.452461349735511,1.6627184629440308,0.7830598423730213
babble,5,2.0,0.02,30,1.002221567971689,0.8008768918865277,-0.03797361453374227,0.1144236466560985,-0.0331897268567831,0.022078977470484835,2.4546829177072005,1.6247448484102884,0.7498701155162383,1.452461349735511,1.6627184629440308,0.7830598423730213
babble,5,2.0,0.05,30,1.0432379282769844,0.7948496087529243,-3.015597661336263e-05,0.10830097547175481,-0.030997460074244962,0.020954605667653406,2.4956992780124954,1.6626883069674174,0.7520623822987761,1.452461349735511,1.6627184629440308,0.7830598423730213
babble,5,2.0,0.1,30,1.0921631410761994,0.7827935381487948,0.046513994534810386,0.10236075073033847,-0.026766203897008244,0.0185520804545436,2.5446244908117097,1.7092324574788411,0.7562936384760129,1.452461349735511,1.6627184629440308,0.7830598423730213
babble,5,3.0,0.0,30,0.6112089667538605,0.9021299896044611,-0.12900580962498984,0.15805839760650348,-0.07104413853664285,0.029430180303297502,2.0636703164893713,1.5337126533190408,0.7120157038363787,1.452461349735511,1.6627184629440308,0.7830598423730213
babble,5,3.0,0.005,30,0.6243526915635188,0.9009356511310144,-0.11911444664001465,0.15711155936260285,-0.07049257912985123,0.029130068466186043,2.0768140412990297,1.5436040163040161,0.7125672632431699,1.452461349735511,1.6627184629440308,0.7830598423730213
babble,5,3.0,0.01,30,0.6368641129860669,0.8997171263825594,-0.1054768164952596,0.15458026282219936,-0.06966064081814585,0.028594292121151485,2.0893254627215776,1.557241646448771,0.7133992015548755,1.452461349735511,1.6627184629440308,0.7830598423730213
babble,5,3.0,0.02,30,0.6599161022767646,0.8971307470373697,-0.08116382757822672,0.15219000943725466,-0.06760872650202394,0.02728767985735751,2.1123774520122756,1.581554635365804,0.7154511158709973,1.452461349735511,1.6627184629440308,0.7830598423730213
babble,5,3.0,0.05,30,0.7141322203293445,0.888860753820898,-0.02179642915725708,0.14553420430831754,-0.060626989599376416,0.02346020750998919,2.1665935700648555,1.6409220337867736,0.7224328527736448,1.452461349735511,1.6627184629440308,0.7830598423730213
babble,5,3.0,0.1,30,0.7625992588287072,0.8742043211226154,0.0428017536799113,0.1388059177100128,-0.049792044533718965,0.01872645025139578,2.215060608564218,1.705520216623942,0.7332677978393022,1.452461349735511,1.6627184629440308,0.7830598423730213
babble,5,4.0,0.0,30,0.29028387192230337,0.9126421987259953,-0.18236840963363649,0.17776644904340258,-0.10796827604074528,0.03464263450715213,1.7427452216578143,1.4803500533103944,0.675091566332276,1.452461349735511,1.6627184629440308,0.7830598423730213
babble,5,4.0,0.005,30,0.30732763685466696,0.911654880239504,-0.16217325131098428,0.17401456116156838,-0.10621415457455538,0.03318875821197569,1.7597889865901781,1.5005452116330464,0.6768456877984659,1.452461349735511,1.6627184629440308,0.7830598423730213
babble,5,4.0,0.01,30,0.32316362676560895,0.9106617890711237,-0.14203106959660847,0.1706424325906709,-0.10370206162308397,0.03144587451134285,1.7756249765011198,1.5206873933474223,0.6793577807499371,1.452461349735511,1.6627184629440308,0.7830598423730213
babble,5,4.0,0.02,30,0.35128516688389905,0.9087843138438779,-0.10800426801045736,0.16611116823571634,-0.09871053022993231,0.028724002527479538,1.8037465166194098,1.5547141949335734,0.6843493121430889,1.452461349735511,1.6627184629440308,0.7830598423730213
babble,5,4.0,0.05,30,0.40999922020618407,0.9041669339368085,-0.031207032998402915,0.1588372670745303,-0.08510536264276912,0.02328649983792691,1.8624605699416954,1.631511429945628,0.697954479730252,1.452461349735511,1.6627184629440308,0.7830598423730213
babble,5,4.0,0.1,30,0.4473271621894449,0.898464257210554,0.04514859517415364,0.14667319724128441,-0.06570988935375618,0.018815512350307026,1.8997885119249562,1.7078670581181845,0.7173499530192651,1.452461349735511,1.6627184629440308,0.7830598423730213
babble,5,5.0,0.0,30,0.024463894457896363,0.901760575802067,-0.23021473089853922,0.19077696545749365,-0.13954111896292812,0.03896829293436059,1.4769252441934073,1.4325037320454916,0.6435187234100932,1.452461349735511,1.6627184629440308,0.7830598423730213
babble,5,5.0,0.005,30,0.04492769773367897,0.9010088486368709,-0.20142937103907269,0.185849318551181,-0.1364469453857716,0.036835444030498966,1.4973890474691898,1.4612890919049581,0.6466128969872498,1.452461349735511,1.6627184629440308,0.7830598423730213
babble,5,5.0,0.01,30,0.06370329265981498,0.9004089102257107,-0.17591040929158527,0.18126186904891428,-0.13197571925240015,0.034319556682986044,1.516164642395326,1.4868080536524455,0.6510841231206211,1.452461349735511,1.6627184629440308,0.7830598423730213
babble,5,5.0,0.02,30,0.09624517345711943,0.8996626856442795,-0.13404684861501057,0.17426565782073306,-0.12304974624806694,0.030307670740273657,1.5487065231926302,1.5286716143290202,0.6600100961249543,1.452461349735511,1.6627184629440308,0.7830598423730213
babble,5,5.0,0.05,30,0.1581269779857181,0.9003454584077589,-0.04062127272288005,0.16451611669658603,-0.10023490694197575,0.02347993916746268,1.610588327721229,1.6220971902211507,0.6828249354310454,1.452461349735511,1.6627184629440308,0.7830598423730213
babble,5,5.0,0.1,30,0.18415434368018335,0.9091218708718352,0.04186026652654012,0.1515769731382909,-0.07324067684673202,0.019990139594354743,1.6366156934156944,1.704578729470571,0.7098191655262892,1.452461349735511,1.6627184629440308,0.7830598423730213
babble,10,1.0,0.0,30,0.7574934270293241,0.691857418102902,0.051098525524139404,0.09964029929621933,-0.001550823074401353,0.00970062502297284,6.340060182126591,2.0369537512461346,0.8817083683749298,5.582566755097266,1.985855225721995,0.883259191449331
babble,10,1.0,0.005,30,0.7602517701635435,0.6911910546130001,0.05171890258789062,0.09944173908954286,-0.0015250053629290254,0.009679951750410773,6.34281852526081,2.0375741283098856,0.8817341860864019,5.582566755097266,1.985855225721995,0.883259191449331
babble,10,1.0,0.01,30,0.7629844695521274,0.6905391066970261,0.05296897490819295,0.09903666622073026,-0.0014982360089039637,0.009657546999077036,6.345551224649394,2.038824200630188,0.8817609554404269,5.582566755097266,1.985855225721995,0.883259191449331
babble,10,1.0,0.02,30,0.7683909422440649,0.6892803026338615,0.056216903527577716,0.09801338410804229,-0.0014426727778278617,0.009610556399774199,6.35095769734133,2.042072129249573,0.8818165186715032,5.582566755097266,1.985855225721995,0.883259191449331
babble,10,1.0,0.05,30,0.7839562612031663,0.6855621381602693,0.06817719141642252,0.09507218376413502,-0.001262121348574652,0.009472539243353784,6.366523016300433,2.0540324171384174,0.8819970701007566,5.582566755097266,1.985855225721995,0.883259191449331
babble,10,1.0,0.1,30,0.8073100585484846,0.679551359493814,0.08642255862553914,0.09078225084007716,-0.0009303532827152646,0.009241102828343705,6.389876813645752,2.072277784347534,0.8823288381666156,5.582566755097266,1.985855225721995,0.883259191449331
babble,10,2.0,0.0,30,0.07511146665677243,1.17499860945901,-0.0013527631759643554,0.15150727592157937,-0.019499696323894457,0.021367040310992205,5.657678221754038,1.9845024625460306,0.8637594951254364,5.582566755097266,1.985855225721995,0.883259191449331
babble,10,2.0,0.005,30,0.08216044343267152,1.1731145881681637,0.002493186791737874,0.150548027898572,-0.019359278983125765,0.021298769530545044,5.6647271985299374,1.988348412513733,0.8638999124662053,5.582566755097266,1.985855225721995,0.883259191449331
babble,10,2.0,0.01,30,0.08908798183397551,1.1712790525293313,0.008446431159973145,0.1496573256730305,-0.019207933917621912,0.021221467040603313,5.6716547369312424,1.9943016568819683,0.864051257531709,5.582566755097266,1.985855225721995,0.883259191449331
babble,10,2.0,0.02,30,0.10260651555237513,1.1677314544578763,0.022019839286804198,0.14724545365604252,-0.018880520706594458,0.02104254369201571,5.685173270649641,2.007875065008799,0.8643786707427364,5.582566755097266,1.985855225721995,0.883259191449331
babble,10,2.0,0.05,30,0.14062743883205195,1.1579348132806817,0.06278613408406576,0.13988947431170493,-0.01774385588124707,0.020333888041024234,5.723194193929319,2.048641359806061,0.8655153355680838,5.582566755097266,1.985855225721995,0.883259191449331
babble,10,2.0,0.1,30,0.19493953941385594,1.1433294799371867,0.11249258915583292,0.1318554634900669,-0.0157308523145305,0.018839608413493,5.777506294511121,2.098347814877828,0.8675283391348004,5.582566755097266,1.985855225721995,0.883259191449331
babble,10,3.0,0.0,30,-0.7086895880446786,1.4344902365760002,-0.06732401847839356,0.1796383925348953,-0.045705059511770306,0.030352624741916932,4.873877167052588,1.9185312072436014,0.8375541319375607,5.582566755097266,1.985855225721995,0.883259191449331
babble,10,3.0,0.005,30,-0.6972711547869094,1.4314461315768847,-0.05964525143305461,0.17805142597397977,-0.045399048296655635,0.030176000385239692,4.885295600310356,1.9262099742889405,0.8378601431526753,5.582566755097266,1.985855225721995,0.883259191449331
babble,10,3.0,0.01,30,-0.6860487630793562,1.4285003169039108,-0.047608482837677005,0.17587893149047912,-0.04501320920617276,0.029920854816982617,4.89651799201791,1.938246742884318,0.8382459822431582,5.582566755097266,1.985855225721995,0.883259191449331
babble,10,3.0,0.02,30,-0.6642248263914403,1.4228726098997413,-0.021626500288645427,0.17160247149769955,-0.04406998653755109,0.029262011111874275,4.918341928705826,1.9642287254333497,0.8391892049117798,5.582566755097266,1.985855225721995,0.883259191449331
babble,10,3.0,0.05,30,-0.6039836047887104,1.4079216453305081,0.04888006051381429,0.16092665685032193,-0.04055842356766073,0.026715454742229878,4.978583150308556,2.0347352862358092,0.84270076788167,5.582566755097266,1.985855225721995,0.883259191449331
babble,10,3.0,0.1,30,-0.5209349164915827,1.3888204623334393,0.1210946798324585,0.14785399419541143,-0.03440967611204993,0.022529502943212203,5.061631838605683,2.1069499055544534,0.8488495153372811,5.582566755097266,1.985855225721995,0.883259191449331
babble,10,4.0,0.0,30,-1.3641494044698774,1.5417622956547041,-0.1350228746732076,0.2115500359049042,-0.07534247439201516,0.03697434576743771,4.218417350627389,1.8508323510487874,0.8079167170573158,5.582566755097266,1.985855225721995,0.883259191449331
babble,10,4.0,0.005,30,-1.3491591989541376,1.5376097828915765,-0.1193930983543396,0.20677557713187905,-0.07467370696994766,0.03647785931034285,4.233407556143129,1.8664621273676554,0.8085854844793833,5.582566755097266,1.985855225721995,0.883259191449331
babble,10,4.0,0.01,30,-1.3345034652662633,1.5336400670053676,-0.09949568907419841,0.20124272107424646,-0.07367714764653015,0.03566623999015265,4.248063289831003,1.8863595366477965,0.809582043802801,5.582566755097266,1.985855225721995,0.883259191449331
babble,10,4.0,0.02,30,-1.3061817992678875,1.5262014784146236,-0.061787768205006914,0.19276397267816225,-0.07126741691609488,0.03374609997052572,4.276384955829378,1.924067457516988,0.8119917745332362,5.582566755097266,1.985855225721995,0.883259191449331
babble,10,4.0,0.05,30,-1.229230138570531,1.5078602876668303,0.03799842993418376,0.17382526066874984,-0.06355934225874335,0.028414877629927428,4.353336616526734,2.0238536556561786,0.8196998491905878,5.582566755097266,1.985855225721995,0.883259191449331
babble,10,4.0,0.1,30,-1.1254471803777961,1.4865942226674669,0.12913055817286173,0.15299717909229246,-0.051832413352625915,0.022075056877567254,4.45711957471947,2.114985783894857,0.8314267780967052,5.582566755097266,1.985855225721995,0.883259191449331
babble,10,5.0,0.0,30,-1.9007887237023906,1.5826476246029006,-0.18813073635101318,0.22490295756975798,-0.10394796646868366,0.04271330664657321,3.6817780313948756,1.7977244893709818,0.7793112249806473,5.582566755097266,1.985855225721995,0.883259191449331
babble,10,5.0,0.005,30,-1.8828085413368953,1.5783225058612367,-0.16224801937739056,0.21814389543848275,-0.10276632555940966,0.04178385586877822,3.6997582137603704,1.8236072063446045,0.7804928658899214,5.582566755097266,1.985855225721995,0.883259191449331
babble,10,5.0,0.01,30,-1.8652596106073207,1.5742261974276062,-0.1336642861366272,0.210475632044379,-0.10070327931666202,0.04002350628392451,3.7173071444899457,1.8521909395853677,0.782555912132669,5.582566755097266,1.985855225721995,0.883259191449331
babble,10,5.0,0.02,30,-1.8315915171984207,1.5667295672402077,-0.08208680550257365,0.19779298672197407,-0.09590453794102609,0.03630080257066922,3.7509752378988455,1.9037684202194214,0.7873546535083047,5.582566755097266,1.985855225721995,0.883259191449331
babble,10,5.0,0.05,30,-1.7411561854474973,1.5494293443159,0.03205063740412394,0.17804533713419868,-0.08244316145218336,0.028591486437397114,3.841410569649769,2.017905863126119,0.8008160299971477,5.582566755097266,1.985855225721995,0.883259191449331
babble,10,5.0,0.1,30,-1.6212588272943025,1.532820637780245,0.12906404733657836,0.1547069090662748,-0.06443467705896763,0.021592532769159893,3.9613079278029644,2.1149192730585735,0.8188245143903633,5.582566755097266,1.985855225721995,0.883259191449331
babble,15,1.0,0.0,30,0.3841451719702941,0.6437743641317628,0.09907029469807943,0.08502464312202453,-0.0012373112420201485,0.006081570356064747,10.415824180518166,2.46111319065094,0.9417226230326361,10.031679008547872,2.3620428959528605,0.9429599342746562
babble,15,1.0,0.005,30,0.38677662423352427,0.6429465074604862,0.09988547960917155,0.0844113478886088,-0.001220593210420462,0.006076393809601117,10.418455632781393,2.461928375562032,0.9417393410642357,10.031679008547872,2.3620428959528605,0.9429599342746562
babble,15,1.0,0.01,30,0.38939806170989993,0.642120867706902,0.10152784188588461,0.08352421985692833,-0.0012038360029685427,0.006071239448397216,10.42107707025777,2.463570737838745,0.9417560982716878,10.031679008547872,2.3620428959528605,0.9429599342746562
babble,15,1.0,0.02,30,0.3946148920928413,0.6404490313805633,0.10592302481333414,0.08182458168223108,-0.001170162961012448,0.006060076426066261,10.426293900640712,2.467965920766195,0.9417897713136438,10.031679008547872,2.3620428959528605,0.9429599342746562
babble,15,1.0,0.05,30,0.4100219934325207,0.6354338187210629,0.12030549844106038,0.07878560206854238,-0.0010636280971276482,0.00601909585482131,10.441701001980391,2.482348394393921,0.9418963061775287,10.031679008547872,2.3620428959528605,0.9429599342746562
babble,15,1.0,0.1,30,0.43463036002347094,0.6268896462763627,0.14111401240030924,0.07773999452078004,-0.0008684051749156504,0.00594035662308614,10.466309368571343,2.5031569083531697,0.9420915290997407,10.031679008547872,2.3620428959528605,0.9429599342746562
babble,15,2.0,0.0,30,-0.6567104915036068,1.1343644916141125,0.07169031302134196,0.1283435613127106,-0.01191637979194914,0.012473663553690844,9.374968517044262,2.4337332089742025,0.931043554482707,10.031679008547872,2.3620428959528605,0.9429599342746562
babble,15,2.0,0.005,30,-0.6501130320242735,1.1327918202542233,0.0744553009668986,0.12713703090479833,-0.011859096134576778,0.012453525783496261,9.381565976523596,2.436498196919759,0.9311008381400794,10.031679008547872,2.3620428959528605,0.9429599342746562
babble,15,2.0,0.01,30,-0.6435781954169821,1.1312181704230266,0.0806049664815267,0.12481029423909266,-0.011799772634170317,0.012428776513448592,9.388100813130887,2.442647862434387,0.9311601616404859,10.031679008547872,2.3620428959528605,0.9429599342746562
babble,15,2.0,0.02,30,-0.6306458618665689,1.128090433812621,0.0958061138788859,0.12034141100255216,-0.011672507479602922,0.012364377281228724,9.401033146681304,2.4578490098317465,0.9312874267950532,10.031679008547872,2.3620428959528605,0.9429599342746562
babble,15,2.0,0.05,30,-0.5931637590723638,1.118656396839676,0.1417106072107951,0.11261976578212224,-0.0112173052303938,0.012061248201424176,9.438515249475506,2.5037535031636557,0.9317426290442624,10.031679008547872,2.3620428959528605,0.9429599342746562
babble,15,2.0,0.1,30,-0.5360807904346903,1.1029834309834343,0.1974613348642985,0.11386817981457081,-0.010315698647918125,0.011365139360954625,9.495598218113182,2.559504230817159,0.932644235626738,10.031679008547872,2.3620428959528605,0.9429599342746562
babble,15,3.0,0.0,30,-1.7960235353912306,1.3995015715613879,0.014039111137390137,0.16393333789982714,-0.02778427119707164,0.019984152542750724,8.23565547315664,2.376082007090251,0.9151756630775846,10.031679008547872,2.3620428959528605,0.9429599342746562
babble,15,3.0,0.005,30,-1.7859467492794903,1.3974643248358851,0.02300879955291748,0.16138788691908865,-0.02765163983888118,0.019903829233756068,8.245732259268378,2.385051695505778,0.9153082944357751,10.031679008547872,2.3620428959528605,0.9429599342746562
babble,15,3.0,0.01,30,-1.7759993498891158,1.3954654775964879,0.037041489283243814,0.15777349097891114,-0.027490197997239223,0.019782400687348267,8.255679658658753,2.399084385236104,0.915469736277417,10.031679008547872,2.3620428959528605,0.9429599342746562
babble,15,3.0,0.02,30,-1.7564811737236246,1.3915578034213076,0.06806151866912842,0.15104274436743373,-0.02709812809601429,0.019453941076778523,8.275197834824246,2.430104414621989,0.9158618061786421,10.031679008547872,2.3620428959528605,0.9429599342746562
babble,15,3.0,0.05,30,-1.7010831231070553,1.3805596653276107,0.14673917293548583,0.13305745601635127,-0.02561621462612314,0.01817111920015072,8.330595885440816,2.508782068888346,0.9173437196485331,10.031679008547872,2.3620428959528605,0.9429599342746562
babble,15,3.0,0.1,30,-1.6195285030559716,1.3638782865730437,0.2247508684794108,0.1260798339051425,-0.022944330355922773,0.0160532242246874,8.4121505054919,2.5867937644322714,0.9200156039187333,10.031679008547872,2.3620428959528605,0.9429599342746562
babble,15,4.0,0.0,30,-2.7999945473302303,1.5474833654448523,-0.05886522134145101,0.20035749002947148,-0.046340901329838514,0.02696261223944865,7.231684461217641,2.3031776746114097,0.8966190329448176,10.031679008547872,2.3620428959528605,0.9429599342746562
babble,15,4.0,0.005,30,-2.787169324442764,1.545707643986827,-0.04093345801035563,0.19257322145088746,-0.04608255544612875,0.02674400096197285,7.244509684105107,2.321109437942505,0.8968773788285275,10.031679008547872,2.3620428959528605,0.9429599342746562
babble,15,4.0,0.01,30,-2.7745122588958067,1.5439651025562606,-0.016676902770996094,0.1861113952766119,-0.04573968956017072,0.026447717001131934,7.257166749652064,2.3453659931818645,0.8972202447144856,10.031679008547872,2.3620428959528605,0.9429599342746562
babble,15,4.0,0.02,30,-2.749709227897653,1.540546950957876,0.029126310348510744,0.17653021020261805,-0.04489307928627009,0.02572683316317604,7.2819697806502175,2.391169206301371,0.8980668549883861,10.031679008547872,2.3620428959528605,0.9429599342746562
babble,15,4.0,0.05,30,-2.679523959693758,1.5313528882808989,0.13151648839314778,0.15083935784645414,-0.0418803109144291,0.023323816658591765,7.3521550488541125,2.493559384346008,0.9010796233602272,10.031679008547872,2.3620428959528605,0.9429599342746562
babble,15,4.0,0.1,30,-2.576456335147308,1.5164666595067036,0.22337053616841634,0.1379720833914242,-0.037060219537906454,0.020049463344154167,7.455222673400562,2.585413432121277,0.9058997147367499,10.031679008547872,2.3620428959528605,0.9429599342746562
babble,15,5.0,0.0,30,-3.6371177528277854,1.633957308881271,-0.1197988231976827,0.2114581040872398,-0.06674232573744818,0.03376502483980397,6.394561255720083,2.242244072755178,0.876217608537208,10.031679008547872,2.3620428959528605,0.9429599342746562
babble,15,5.0,0.005,30,-3.6215914488427416,1.6321666231225387,-0.09280064105987548,0.19975796161647527,-0.06634517890278151,0.03350016684885441,6.41008755970513,2.269242254892985,0.8766147553718747,10.031679008547872,2.3620428959528605,0.9429599342746562
babble,15,5.0,0.01,30,-3.606277098219155,1.6304183300308503,-0.05908637841542562,0.19084127773841453,-0.06577444533048876,0.03308188469276842,6.425401910328716,2.3029565175374347,0.8771854889441675,10.031679008547872,2.3620428959528605,0.9429599342746562
babble,15,5.0,0.02,30,-3.576306387343386,1.6270601146528543,-0.002268409729003906,0.18503946699077173,-0.06431628539411044,0.03198753868898335,6.455372621204485,2.3597744862238565,0.8786436488805458,10.031679008547872,2.3620428959528605,0.9429599342746562
babble,15,5.0,0.05,30,-3.491793734986728,1.6177947059261044,0.11086411476135254,0.16481343598845696,-0.05928886615640548,0.028380263992867274,6.5398852735611435,2.4729070107142133,0.8836710681182509,10.031679008547872,2.3620428959528605,0.9429599342746562
babble,15,5.0,0.1,30,-3.3678865199681653,1.6024442001631232,0.21097182432810466,0.14292423165856646,-0.051558662367328874,0.023462012626051233,6.663792488579704,2.5730147202809652,0.8914012719073273,10.031679008547872,2.3620428959528605,0.9429599342746562
white,-5,1.0,0.0,30,4.409297574485083,0.4980458647982848,0.07722063461939493,0.04813681208394811,0.004690808119500115,0.015427895706305648,-2.037268345590602,1.361539856592814,0.5616870514815612,-6.446565920075685,1.2843192219734192,0.5569962433620611
white,-5,1.0,0.005,30,4.4082008365360075,0.49788120496035143,0.07721213499704997,0.048111095230196535,0.004727040584381544,0.015408518748593203,-2.038365083539677,1.3615313569704692,0.5617232839464426,-6.446565920075685,1.2843192219734192,0.5569962433620611
white,-5,1.0,0.01,30,4.406958764159583,0.49769993750514524,0.07724063793818156,0.0480702932875793,0.004766590296253751,0.015390384931411179,-2.039607155916101,1.3615598599116008,0.5617628336583149,-6.446565920075685,1.2843192219734192,0.5569962433620611
white,-5,1.0,0.02,30,4.404006533192396,0.49729919517167587,0.07743935982386271,0.0479997262818978,0.004856236909922326,0.01535037619414532,-2.04255938688329,1.361758581797282,0.5618524802719834,-6.446565920075685,1.2843192219734192,0.5569962433620611
white,-5,1.0,0.05,30,4.391263921924317,0.495760201241736,0.07859078248341879,0.04769435293477698,0.005244280452373732,0.015203234305051992,-2.0553019981513687,1.362910004456838,0.5622405238144349,-6.446565920075685,1.2843192219734192,0.5569962433620611
white,-5,1.0,0.1,30,4.354986790677331,0.49166936091406266,0.08069492181142171,0.04699478961136447,0.006373644363832174,0.01477660059619206,-2.0915791293983537,1.3650141437848409,0.5633698877258932,-6.446565920075685,1.2843192219734192,0.5569962433620611
white,-5,2.0,0.0,30,7.117636548415626,0.6062433163906125,0.11066574255625407,0.10436745511358389,-0.025429047907151472,0.025168185134957437,0.6710706283399404,1.3949849645296732,0.5315671954549097,-6.446565920075685,1.2843192219734192,0.5569962433620611
white,-5,2.0,0.005,30,7.120797877096854,0.6074467783339447,0.11814184586207072,0.10385799983408628,-0.025230575856628613,0.025034344334021623,0.6742319570211696,1.4024610678354898,0.5317656675054325,-6.446565920075685,1.2843192219734192,0.5569962433620611
white,-5,2.0,0.01,30,7.117681441801618,0.6090984865227467,0.1309853235880534,0.10363343969176528,-0.024637707099369067,0.024828953973883162,0.6711155217259325,1.4153045455614726,0.5323585362626921,-6.446565920075685,1.2843192219734192,0.5569962433620611
white,-5,2.0,0.02,30,7.0936328939178965,0.6137369709597141,0.15103256305058796,0.1033606062843244,-0.02222667860436289,0.024220160537787108,0.6470669738422105,1.4353517850240072,0.5347695647576983,-6.446565920075685,1.2843192219734192,0.5569962433620611
white,-5,2.0,0.05,30,6.916046752403471,0.6305304882731532,0.15876975854237874,0.10153219932192441,-0.010701618275799935,0.022191497670247824,0.4694808323277852,1.443088980515798,0.5462946250862613,-6.446565920075685,1.2843192219734192,0.5569962433620611
white,-5,2.0,0.1,30,6.463455040391909,0.6542769811529718,0.1273598035176595,0.08765528768549885,0.006273474291334413,0.01832956705162369,0.016889120316224162,1.4116790254910787,0.5632697176533956,-6.446565920075685,1.2843192219734192,0.5569962433620611
white,-5,3.0,0.0,30,7.747939915282982,0.3698236980092796,0.11280842622121175,0.13952559905843365,-0.03228103570746148,0.03323188598830612,1.3013739952072974,1.3971276481946309,0.5247152076545997,-6.446565920075685,1.2843192219734192,0.5569962433620611
white,-5,3.0,0.005,30,7.754240491592767,0.3729883037399885,0.14073120752970378,0.14211594243554776,-0.028165671590187333,0.02942829242053822,1.3076745715170803,1.425050429503123,0.5288305717718739,-6.446565920075685,1.2843192219734192,0.5569962433620611
white,-5,3.0,0.01,30,7.720940221204251,0.3799673103988036,0.14849729537963868,0.13365378434284572,-0.020644571717773882,0.026156935169614214,1.2743743011285658,1.4328165173530578,0.5363516716442872,-6.446565920075685,1.2843192219734192,0.5569962433620611
white,-5,3.0,0.02,30,7.571699142806404,0.40546768117878473,0.13303850491841634,0.12039493642886354,-0.011851103338910507,0.021603637726604008,1.125133222730718,1.4173577268918356,0.5451451400231505,-6.446565920075685,1.2843192219734192,0.5569962433620611
white,-5,3.0,0.05,30,6.9119222747439375,0.5115281302569918,0.07282406091690063,0.11094303602353851,-0.0015002589587904346,0.016148217852003086,0.4653563546682509,1.3571432828903198,0.5554959844032707,-6.446565920075685,1.2843192219734192,0.5569962433620611
white,-5,3.0,0.1,30,6.053744587528173,0.6040361609189518,0.05292661190032959,0.09611616937728124,0.003827386290093217,0.0110944715097768,-0.392821332547512,1.3372458338737487,0.5608236296521543,-6.446565920075685,1.2843192219734192,0.5569962433620611
white,-5,4.0,0.0,30,7.3435424521925405,0.3825357998507608,0.05836519797643026,0.157829476504495,-0.06770719403411726,0.04351333655154526,0.8969765321168559,1.3426844199498496,0.4892890493279438,-6.446565920075685,1.2843192219734192,0.5569962433620611
white,-5,4.0,0.005,30,7.352460875331407,0.3857517874923957,0.07947843869527181,0.14143348794146882,-0.04383578821419593,0.03281235190045812,0.9058949552557217,1.363797660668691,0.5131604551478652,-6.446565920075685,1.2843192219734192,0.5569962433620611
white,-5,4.0,0.01,30,7.313368875195591,0.3916672951310268,0.08675044377644857,0.12898287807735373,-0.031323992353420406,0.025456478350527285,0.866802955119905,1.3710696657498678,0.5256722510086408,-6.446565920075685,1.2843192219734192,0.5569962433620611
white,-5,4.0,0.02,30,7.142919355241424,0.41575923319762703,0.06344918012619019,0.11599826693539797,-0.02138069379982215,0.01731115952379001,0.6963534351657391,1.3477684020996095,0.535615549562239,-6.446565920075685,1.2843192219734192,0.5569962433620611
white,-5,4.0,0.05,30,6.441753896325998,0.5209079405223472,0.01971977154413859,0.11162167871018536,-0.01260450655028092,0.010663790149339951,-0.004812023749685161,1.3040389935175578,0.5443917368117802,-6.446565920075685,1.2843192219734192,0.5569962433620611
white,-5,4.0,0.1,30,5.597163840018189,0.5951288774379688,0.021467892328898112,0.0935312558742652,-0.005311373164482369,0.007251210053195649,-0.8494020800574954,1.3057871143023172,0.5516848701975788,-6.446565920075685,1.2843192219734192,0.5569962433620611
white,-5,5.0,0.0,30,7.018198847984869,0.4063939211354493,-0.004042593638102213,0.1421330284576034,-0.13883314665168528,0.055147579614234846,0.5716329279091847,1.280276628335317,0.4181630967103759,-6.446565920075685,1.2843192219734192,0.5569962433620611
white,-5,5.0,0.005,30,7.02951633395366,0.4099992617807577,0.03713546991348267,0.13542759297699217,-0.06888680806958414,0.030445538811500975,0.5829504138779756,1.321454691886902,0.488109435292477,-6.446565920075685,1.2843192219734192,0.5569962433620611
white,-5,5.0,0.01,30,6.992357229047183,0.41691773453288106,0.04451778729756673,0.12577319168408777,-0.048596258595802605,0.02205907282512194,0.545791308971499,1.328837009270986,0.5083999847662585,-6.446565920075685,1.2843192219734192,0.5569962433620611
white,-5,5.0,0.02,30,6.82541210529982,0.44223451585051077,0.02038183609644572,0.11594545310150163,-0.03226887522284135,0.015620047492427298,0.37884618522413455,1.3047010580698648,0.5247273681392198,-6.446565920075685,1.2843192219734192,0.5569962433620611
white,-5,5.0,0.05,30,6.137547044855045,0.541131796948562,-0.0030875921249389647,0.11188482282551382,-0.01732431945220937,0.009678335952445093,-0.3090188752206409,1.2812316298484803,0.5396719239098517,-6.446565920075685,1.2843192219734192,0.5569962433620611
white,-5,5.0,0.1,30,5.323237784629234,0.6002399265338552,0.009365483125050863,0.09040761564706239,-0.007800511918968232,0.006374626491560882,-1.1233281354464504,1.2936847050984701,0.549195731443093,-6.446565920075685,1.2843192219734192,0.5569962433620611
white,0,1.0,0.0,30,4.583054938972822,0.5679973594951107,0.176340913772583,0.055591975987657555,0.018819560694700976,0.01302329032227563,1.1133365711479661,1.5428796450297038,0.671482228281574,-3.4697183678248553,1.3665387312571207,0.6526626675868733
white,0,1.0,0.005,30,4.582221600053614,0.5677900727445302,0.1762823462486267,0.0555784084392812,0.0188391448995515,0.012998669615186087,1.1125032322287578,1.5428210775057474,0.6715018124864245,-3.4697183678248553,1.3665387312571207,0.6526626675868733
white,0,1.0,0.01,30,4.5812542979244295,0.5675720302560097,0.17626160780588787,0.055566538462892084,0.0188591563092651,0.012972859976457198,1.1115359300995742,1.5428003390630087,0.6715218238961381,-3.4697183678248553,1.3665387312571207,0.6526626675868733
white,0,1.0,0.02,30,4.578908260304301,0.5670848155354759,0.1763153115908305,0.05553517066002321,0.01890436589888899,0.012915342362773122,1.109189892479445,1.5428540428479514,0.6715670334857623,-3.4697183678248553,1.3665387312571207,0.6526626675868733
white,0,1.0,0.05,30,4.5683056391013075,0.5650997080013357,0.17667893171310425,0.05536619549449143,0.01906282871425185,0.012718360108467986,1.0985872712764517,1.543217662970225,0.6717254963011251,-3.4697183678248553,1.3665387312571207,0.6526626675868733
white,0,1.0,0.1,30,4.536685969521093,0.5597370935238964,0.17622811396916707,0.054772717966648454,0.019543572562104414,0.0123122019709568,1.0669676016962375,1.542766845226288,0.6722062401489776,-3.4697183678248553,1.3665387312571207,0.6526626675868733
white,0,2.0,0.0,30,6.517619322258664,0.6945852415648736,0.28702688614527383,0.10799207558206213,0.00270622052340617,0.019510528787043402,3.0479009544338087,1.6535656174023947,0.6553688881102794,-3.4697183678248553,1.3665387312571207,0.6526626675868733
white,0,2.0,0.005,30,6.522791454810004,0.6953140372204054,0.2955075224240621,0.10791140224571248,0.0027072967779931735,0.0194200129296955,3.053073086985149,1.6620462536811829,0.6553699643648663,-3.4697183678248553,1.3665387312571207,0.6526626675868733
white,0,2.0,0.01,30,6.523637724686202,0.6961370609892367,0.3105523983637492,0.1085235937381044,0.0026908695377727146,0.019276676392725258,3.053919356861348,1.67709112962087,0.6553535371246457,-3.4697183678248553,1.3665387312571207,0.6526626675868733
white,0,2.0,0.02,30,6.512742137864318,0.6980768779825708,0.33404988050460815,0.10988890612600104,0.0030564007660796293,0.018870039846307484,3.0430237700394622,1.7005886117617288,0.6557190683529528,-3.4697183678248553,1.3665387312571207,0.6526626675868733
white,0,2.0,0.05,30,6.393804714359953,0.7053036415550138,0.3380301396052043,0.11334995865136752,0.006828131278435504,0.017255091691950046,2.9240863465350975,1.704568870862325,0.6594907988653086,-3.4697183678248553,1.3665387312571207,0.6526626675868733
white,0,2.0,0.1,30,6.022675991215398,0.7111926969649532,0.27741358677546185,0.11114995547251685,0.01404064205838798,0.014549802536528014,2.552957623390542,1.6439523180325826,0.666703309645261,-3.4697183678248553,1.3665387312571207,0.6526626675868733
white,0,3.0,0.0,30,6.21205505336104,0.5131532872259924,0.2838663657506307,0.16750672626483729,-0.021112374529691717,0.02555809630926025,2.7423366855361846,1.6504050970077515,0.6315502930571815,-3.4697183678248553,1.3665387312571207,0.6526626675868733
white,0,3.0,0.005,30,6.228616967710569,0.5145820070009519,0.2900396347045898,0.15586274605107334,-0.021520899066588953,0.0241807948262074,2.758898599885714,1.6565783659617106,0.6311417685202844,-3.4697183678248553,1.3665387312571207,0.6526626675868733
white,0,3.0,0.01,30,6.23011129842466,0.5171547375503717,0.27260627746582033,0.14247258960936987,-0.018371062931955288,0.022198876193959556,2.760392930599806,1.639145008722941,0.6342916046549177,-3.4697183678248553,1.3665387312571207,0.6526626675868733
white,0,3.0,0.02,30,6.193745285740724,0.5257831148953995,0.2741459568341573,0.13291745951059578,-0.01324483951914045,0.019562582225553512,2.7240269179158694,1.640684688091278,0.6394178280677326,-3.4697183678248553,1.3665387312571207,0.6526626675868733
white,0,3.0,0.05,30,5.900935767598005,0.573276290395999,0.2307891329129537,0.12134470720345526,-0.006202150718178715,0.015029236604676234,2.4312173997731485,1.5973278641700746,0.6464605168686944,-3.4697183678248553,1.3665387312571207,0.6526626675868733
white,0,3.0,0.1,30,5.275476277657771,0.644128094001207,0.14754046201705934,0.1174990206754231,-0.0009037370326694124,0.01167211862218637,1.8057579098329153,1.5140791932741802,0.6517589305542036,-3.4697183678248553,1.3665387312571207,0.6526626675868733
white,0,4.0,0.0,30,5.48348696742299,0.5181159083460065,0.15472675959269205,0.1809022531721924,-0.05465614110499216,0.03516282932293703,2.0137685995981345,1.5212654908498129,0.5980065264818809,-3.4697183678248553,1.3665387312571207,0.6526626675868733
white,0,4.0,0.005,30,5.504303624025151,0.5192567076803879,0.16667081117630006,0.16361669340076862,-0.04830284399810169,0.03134270194735487,2.034585256200296,1.533209542433421,0.6043598235887714,-3.4697183678248553,1.3665387312571207,0.6526626675868733
white,0,4.0,0.01,30,5.5084026954641265,0.5210388616586166,0.15433157285054525,0.15216036565481153,-0.04031549548627322,0.028296998850474885,2.0386843276392708,1.520870304107666,0.6123471721005999,-3.4697183678248553,1.3665387312571207,0.6526626675868733
white,0,4.0,0.02,30,5.4736768738761095,0.5271918007878198,0.1706610957781474,0.13610956240469532,-0.03208868066461296,0.024542339679815048,2.0039585060512546,1.5371998270352683,0.6205739869222602,-3.4697183678248553,1.3665387312571207,0.6526626675868733
white,0,4.0,0.05,30,5.182213825815339,0.5660664008743354,0.1324376900990804,0.11635925384112239,-0.022357561780776625,0.01770777322504183,1.7124954579904828,1.4989764213562011,0.6303051058060964,-3.4697183678248553,1.3665387312571207,0.6526626675868733
white,0,4.0,0.1,30,4.5820635122171,0.6257955548596367,0.06730039914449056,0.1124438606536849,-0.013751642145606568,0.012242060203645272,1.1123451443922445,1.4338391304016114,0.6389110254412665,-3.4697183678248553,1.3665387312571207,0.6526626675868733
white,0,5.0,0.0,30,4.962820403164211,0.5366732533629227,0.05257210334142049,0.17443881712190185,-0.1063108971828782,0.04650775033151394,1.4931020353393554,1.4191108345985413,0.5463517704039949,-3.4697183678248553,1.3665387312571207,0.6526626675868733
white,0,5.0,0.005,30,4.986104530036818,0.5376672095402116,0.07787022193272909,0.16323104293822033,-0.08618119424702295,0.03926242628016685,1.5163861622119645,1.4444089531898499,0.5664814733398502,-3.4697183678248553,1.3665387312571207,0.6526626675868733
white,0,5.0,0.01,30,4.992649637719189,0.5391216355007834,0.08731718063354492,0.15247825980206006,-0.06977180639763272,0.03282845821863645,1.5229312698943338,1.4538559118906658,0.5828908611892403,-3.4697183678248553,1.3665387312571207,0.6526626675868733
white,0,5.0,0.02,30,4.962753362234267,0.5441421670131807,0.10606133937835693,0.13429252331862723,-0.05106366741486263,0.025245030418985615,1.493034994409412,1.4726000706354776,0.6015990001720105,-3.4697183678248553,1.3665387312571207,0.6526626675868733
white,0,5.0,0.05,30,4.686721780616745,0.577479187414769,0.06855980555216472,0.11290263274756143,-0.031067224094210553,0.01609646132308514,1.2170034127918885,1.4350985368092855,0.6215954434926626,-3.4697183678248553,1.3665387312571207,0.6526626675868733
white,0,5.0,0.1,30,4.116150631240186,0.628064526505577,0.025011964639027915,0.1109592709410542,-0.018452205503302222,0.010743009409771017,0.6464322634153301,1.3915506958961488,0.634210462083571,-3.4697183678248553,1.3665387312571207,0.6526626675868733
white,5,1.0,0.0,30,4.4174379959618015,0.514319401919408,0.3214555263519287,0.07359239778423646,0.01967030433681013,0.012252392678693111,4.521370807175446,1.834601910909017,0.7664835655474286,0.10393281121364434,1.5131463845570883,0.7468132612106183
white,5,1.0,0.005,30,4.4169371111070035,0.5141434328361665,0.3212602814038595,0.07358407047104994,0.0196873728429533,0.012229716872839488,4.520869922320648,1.8344066659609477,0.7665006340535716,0.10393281121364434,1.5131463845570883,0.7468132612106183
white,5,1.0,0.01,30,4.416319625711243,0.5139550310392043,0.3210981051127116,0.07358032885348384,0.01970447096281257,0.012204214437054552,4.520252436924889,1.8342444896697998,0.766517732173431,0.10393281121364434,1.5131463845570883,0.7468132612106183
white,5,1.0,0.02,30,4.414719025378966,0.5135487054052077,0.3208741625150045,0.07357590997489465,0.019737310134472667,0.012148812422253885,4.51865183659261,1.8340205470720927,0.7665505713450911,0.10393281121364434,1.5131463845570883,0.7468132612106183
white,5,1.0,0.05,30,4.406717793620743,0.5120007364187318,0.3204831083615621,0.07357100241008216,0.01983606638851886,0.011952245751331704,4.510650604834387,1.8336294929186503,0.7666493275991374,0.10393281121364434,1.5131463845570883,0.7468132612106183
white,5,1.0,0.1,30,4.3807846513113535,0.5079919408344272,0.3178024133046468,0.0729893945039406,0.020084787470018163,0.011522581537848652,4.484717462524997,1.830948797861735,0.7668980486806364,0.10393281121364434,1.5131463845570883,0.7468132612106183
white,5,2.0,0.0,30,5.577979360139892,0.5281100295691741,0.5162581006685892,0.11598551540217464,0.01204704987835122,0.02277163659679534,5.681912171353536,2.0294044852256774,0.7588603110889698,0.10393281121364434,1.5131463845570883,0.7468132612106183
white,5,2.0,0.005,30,5.585942338397656,0.528663020258328,0.5265270034472148,0.11721144652858051,0.012069148885167365,0.022681156289831604,5.689875149611301,2.039673388004303,0.7588824100957857,0.10393281121364434,1.5131463845570883,0.7468132612106183
white,5,2.0,0.01,30,5.591344060801155,0.5294758620653744,0.5433951020240784,0.11960927777505077,0.012093020453993386,0.022486598517060762,5.695276872014801,2.0565414865811666,0.7589062816646117,0.10393281121364434,1.5131463845570883,0.7468132612106183
white,5,2.0,0.02,30,5.594542376379542,0.5318971285157204,0.570546809832255,0.12512423212505736,0.012301334984408578,0.02184875399667968,5.698475187593187,2.083693194389343,0.7591145961950271,0.10393281121364434,1.5131463845570883,0.7468132612106183
white,5,2.0,0.05,30,5.546596239658842,0.5447966570875689,0.5840471267700196,0.13605829596107366,0.014313246182276676,0.01908430464423399,5.650529050872488,2.0971935113271076,0.761126507392895,0.10393281121364434,1.5131463845570883,0.7468132612106183
white,5,2.0,0.1,30,5.317960176462604,0.5752495751642863,0.512514328956604,0.13729216600987912,0.017890297181431748,0.014656266083688672,5.421892987676246,2.0256607135136924,0.7647035583920501,0.10393281121364434,1.5131463845570883,0.7468132612106183
white,5,3.0,0.0,30,4.557341577447581,0.5267915077624687,0.5196885824203491,0.21218246174753788,-0.007634610158373844,0.02540875030362151,4.661274388661226,2.0328349669774375,0.7391786510522445,0.10393281121364434,1.5131463845570883,0.7468132612106183
white,5,3.0,0.005,30,4.576140013774705,0.5269968861708336,0.5470425009727478,0.1743350653313815,-0.007132134645728472,0.024516026324927876,4.680072824988349,2.060188885529836,0.7396811265648897,0.10393281121364434,1.5131463845570883,0.7468132612106183
white,5,3.0,0.01,30,4.58963937886523,0.5273233916304974,0.4829252322514852,0.1607280412245436,-0.005609716533898538,0.0233590505335569,4.693572190078876,1.9960716168085735,0.7412035446767199,0.10393281121364434,1.5131463845570883,0.7468132612106183
white,5,3.0,0.02,30,4.601151725818728,0.5284524907580419,0.4433766484260559,0.14980452577638098,-0.0032072659038651233,0.021235149824988437,4.705084537032374,1.9565230329831442,0.7436059953067532,0.10393281121364434,1.5131463845570883,0.7468132612106183
white,5,3.0,0.05,30,4.534555378328877,0.5379492321256361,0.42092912991841636,0.13915657865898304,-0.0012172215873401523,0.016048205604616714,4.638488189542522,1.9340755144755046,0.7455960396232783,0.10393281121364434,1.5131463845570883,0.7468132612106183
white,5,3.0,0.1,30,4.2440459884611625,0.5695497062502912,0.34327873786290486,0.1320174952073176,-0.0009221579110828289,0.010156087433766003,4.347978799674807,1.856425122419993,0.7458911032995358,0.10393281121364434,1.5131463845570883,0.7468132612106183
white,5,4.0,0.0,30,3.566098088546676,0.5649237009626054,0.33564896186192833,0.23034288548281515,-0.04477011343292261,0.02963929027444406,3.6700308997603206,1.8487953464190165,0.7020431477776957,0.10393281121364434,1.5131463845570883,0.7468132612106183
white,5,4.0,0.005,30,3.588380914279822,0.5652044481116048,0.3854536175727844,0.19202242604273528,-0.04273162446392257,0.027993094575025194,3.692313725493466,1.8986000021298726,0.704081636746696,0.10393281121364434,1.5131463845570883,0.7468132612106183
white,5,4.0,0.01,30,3.6051363941831998,0.5653798504217702,0.3023603002230326,0.17032207529001162,-0.03818487866630204,0.026227857538409935,3.709069205396843,1.815506684780121,0.7086283825443165,0.10393281121364434,1.5131463845570883,0.7468132612106183
white,5,4.0,0.02,30,3.622545513435121,0.5656699815252295,0.2671656290690104,0.15424192541723267,-0.031877160431393846,0.02324175770974462,3.726478324648766,1.7803120136260986,0.7149361007792245,0.10393281121364434,1.5131463845570883,0.7468132612106183
white,5,4.0,0.05,30,3.571788194249619,0.5698054535352165,0.28175595998764036,0.136575084597307,-0.025710532618141272,0.01579339005563686,3.6757210054632616,1.7949023445447285,0.721102728592477,0.10393281121364434,1.5131463845570883,0.7468132612106183
white,5,4.0,0.1,30,3.314402366039569,0.5908988347163041,0.22005986372629802,0.12567320915797275,-0.020381925194756297,0.009164553405120304,3.4183351772532125,1.7332062482833863,0.7264313360158621,0.10393281121364434,1.5131463845570883,0.7468132612106183
white,5,5.0,0.0,30,2.8461897661822477,0.6010713553785823,0.17947328488032024,0.21889312561548893,-0.08655807893290597,0.035564367127863566,2.9501225773958932,1.6926196694374085,0.6602551822777124,0.10393281121364434,1.5131463845570883,0.7468132612106183
white,5,5.0,0.005,30,2.8708917532164495,0.6015833629841584,0.23660972118377685,0.19497442577232482,-0.0827433557671973,0.03401404902683909,2.9748245644300932,1.749756105740865,0.664069905443421,0.10393281121364434,1.5131463845570883,0.7468132612106183
white,5,5.0,0.01,30,2.8901144520857476,0.6019134033015727,0.18046689828236898,0.17518427250427326,-0.07445834107068086,0.03129287114952073,2.994047263299392,1.6936132828394572,0.6723549201399377,0.10393281121364434,1.5131463845570883,0.7468132612106183
white,5,5.0,0.02,30,2.91260383886394,0.6021351183058149,0.16874391237894695,0.16120826008852834,-0.06091162870628938,0.027017065482511794,3.0165366500775845,1.6818902969360352,0.6859016325043291,0.10393281121364434,1.5131463845570883,0.7468132612106183
white,5,5.0,0.05,30,2.878341252884738,0.6039560167207242,0.1976219097773234,0.13485989312232285,-0.04365645285529321,0.018185471752087543,2.9822740640983816,1.7107682943344116,0.7031568083553252,0.10393281121364434,1.5131463845570883,0.7468132612106183
white,5,5.0,0.1,30,2.65219939569589,0.6178843592068283,0.1411401351292928,0.12305128510511838,-0.030837733446257152,0.010640465167780822,2.756132206909535,1.654286519686381,0.7159755277643612,0.10393281121364434,1.5131463845570883,0.7468132612106183
white,10,1.0,0.0,30,4.15413202950868,0.44004910353656473,0.4679689844449361,0.08300115142320184,0.020523221543003352,0.008308797494882688,8.212358450238858,2.2217767953872682,0.8516321878942292,4.058226420730177,1.7538078109423318,0.8311089663512257
white,10,1.0,0.005,30,4.153924645271219,0.4399702419705627,0.4677950382232666,0.08296476708868457,0.0205311263693577,0.00828627394018374,8.212151066001395,2.2216028491655986,0.8516400927205835,4.058226420730177,1.7538078109423318,0.8311089663512257
white,10,1.0,0.01,30,4.153616449004326,0.43988974394659447,0.46766414244969684,0.08292821823694772,0.020538285740866427,0.008261793197187391,8.211842869734502,2.2214719533920286,0.8516472520920924,4.058226420730177,1.7538078109423318,0.8311089663512257
white,10,1.0,0.02,30,4.152695178564563,0.4397089726737616,0.4674750248591105,0.08284425778319392,0.020549819493152884,0.008209447367911597,8.210921599294739,2.2212828358014423,0.8516587858443787,4.058226420730177,1.7538078109423318,0.8311089663512257
white,10,1.0,0.05,30,4.147182092803948,0.43885823832165405,0.46708179712295533,0.08254865363921945,0.020585541411094303,0.008044362455533739,8.205408513534122,2.220889608065287,0.8516945077623203,4.058226420730177,1.7538078109423318,0.8311089663512257
white,10,1.0,0.1,30,4.127241163458847,0.4363576992932992,0.4640357255935669,0.08158588924552156,0.02068592655032068,0.007756066324410063,8.185467584189025,2.217843536535899,0.8517948929015466,4.058226420730177,1.7538078109423318,0.8311089663512257
white,10,2.0,0.0,30,4.383688892056635,0.5459166109050424,0.7107495665550232,0.1856220108511075,0.017448335892775925,0.014208146051154485,8.441915312786811,2.4645573774973553,0.8485573022440017,4.058226420730177,1.7538078109423318,0.8311089663512257
white,10,2.0,0.005,30,4.393251641783361,0.5459959590391308,0.7210411588350932,0.1834094607718151,0.017528285786490894,0.014201969083294859,8.451478062513536,2.474848969777425,0.8486372521377168,4.058226420730177,1.7538078109423318,0.8311089663512257
white,10,2.0,0.01,30,4.401604187037184,0.5460542665530056,0.7393860459327698,0.17994329340721502,0.017617966079815205,0.014183913926775111,8.45983060776736,2.4931938568751018,0.848726932431041,4.058226420730177,1.7538078109423318,0.8311089663512257
white,10,2.0,0.02,30,4.414597064358877,0.5461210608671324,0.7677574435869853,0.17334036275635212,0.01786156881064249,0.01412893925022623,8.472823485089053,2.521565254529317,0.8489705351618683,4.058226420730177,1.7538078109423318,0.8311089663512257
white,10,2.0,0.05,30,4.423856451407624,0.5459347967824518,0.783130959669749,0.16133750060514504,0.018941001481679987,0.013704474404676174,8.4820828721378,2.536938770612081,0.8500499678329059,4.058226420730177,1.7538078109423318,0.8311089663512257
white,10,2.0,0.1,30,4.3480520177400415,0.5453579931893167,0.7263218601544698,0.1464695400290666,0.020260018774999097,0.012194324658542725,8.406278438470217,2.480129671096802,0.8513689851262249,4.058226420730177,1.7538078109423318,0.8311089663512257
white,10,3.0,0.0,30,2.9200742997184315,0.5978608464061438,0.722983968257904,0.27447182074838483,-0.0037282405184018447,0.01706592820504268,6.978300720448609,2.476791779200236,0.8273807258328241,4.058226420730177,1.7538078109423318,0.8311089663512257
white,10,3.0,0.005,30,2.938132304812542,0.5980872609920254,0.8178778847058614,0.24283282057844868,-0.002867811828020654,0.0168084448593066,6.996358725542718,2.5716856956481933,0.8282411545232052,4.058226420730177,1.7538078109423318,0.8311089663512257
white,10,3.0,0.01,30,2.9543813075656957,0.5981868546066579,0.7946437716484069,0.19328588027143703,-0.0014450787585185624,0.01645580948435186,7.012607728295872,2.548451582590739,0.8296638875927073,4.058226420730177,1.7538078109423318,0.8311089663512257
white,10,3.0,0.02,30,2.981395633096726,0.5980334236439038,0.6753886580467224,0.17960645426351748,0.0008822455111647994,0.01576319295408632,7.039622053826903,2.4291964689890544,0.8319912118623908,4.058226420730177,1.7538078109423318,0.8311089663512257
white,10,3.0,0.05,30,3.02006849302076,0.5952044349924079,0.5909076015154521,0.15952019195861125,0.002716795679707784,0.013884131595005528,7.078294913750937,2.344715412457784,0.8338257620309335,4.058226420730177,1.7538078109423318,0.8311089663512257
white,10,3.0,0.1,30,2.9705172139376876,0.5877809090969448,0.5361153443654378,0.15432179964410603,0.002620570139683783,0.01106465290474313,7.028743634667864,2.2899231553077697,0.8337295364909098,4.058226420730177,1.7538078109423318,0.8311089663512257
white,10,4.0,0.0,30,1.7507427066888117,0.6310663292617662,0.5159135937690735,0.32746472134573484,-0.04105524626730563,0.022896737441301027,5.808969127418988,2.2697214047114054,0.7900537200839203,4.058226420730177,1.7538078109423318,0.8311089663512257
white,10,4.0,0.005,30,1.7715647557885972,0.6315991809896153,0.6354476332664489,0.2998476545889103,-0.03883553326939525,0.021533207285613625,5.829791176518774,2.3892554442087808,0.7922734330818305,4.058226420730177,1.7538078109423318,0.8311089663512257
white,10,4.0,0.01,30,1.7905968231215916,0.6319713306129262,0.5800501704216003,0.21938645189051828,-0.034960304438723395,0.020048614027150403,5.848823243851769,2.3338579813639324,0.7961486619125026,4.058226420730177,1.7538078109423318,0.8311089663512257
white,10,4.0,0.02,30,1.8232656934723959,0.632239006955596,0.44780348539352416,0.1843426919797882,-0.028377630899816268,0.018093668449038234,5.881492114202572,2.201611296335856,0.8027313354514095,4.058226420730177,1.7538078109423318,0.8311089663512257
white,10,4.0,0.05,30,1.8798442755639049,0.6301937092283043,0.398028822739919,0.15675447385151814,-0.021503222237426112,0.015106557752524086,5.938070696294081,2.151836633682251,0.8096057441137998,4.058226420730177,1.7538078109423318,0.8311089663512257
white,10,4.0,0.1,30,1.8648295263025585,0.6219045079385732,0.38626195589701334,0.14960796857499428,-0.0174686207623062,0.012080367739387388,5.923055947032735,2.1400697668393454,0.8136403455889198,4.058226420730177,1.7538078109423318,0.8311089663512257
white,10,5.0,0.0,30,0.8821368901942837,0.6705428198167108,0.3300041119257609,0.30544395517989914,-0.07591632385704702,0.0276466766639373,4.94036331092446,2.083811922868093,0.7551926424941787,4.058226420730177,1.7538078109423318,0.8311089663512257
white,10,5.0,0.005,30,0.9047570744284262,0.6712549232125194,0.44700666666030886,0.2936837425200676,-0.07303053700356817,0.02579217676052496,4.962983495158602,2.200814477602641,0.7580784293476578,4.058226420730177,1.7538078109423318,0.8311089663512257
white,10,5.0,0.01,30,0.9256512921348512,0.6717889778728857,0.3911409854888916,0.23251529096877818,-0.06749722531388593,0.023621062255947057,4.983877712865027,2.1449487964312235,0.7636117410373401,4.058226420730177,1.7538078109423318,0.8311089663512257
white,10,5.0,0.02,30,0.9621643969438254,0.6723613935542132,0.2874923507372538,0.19986248766097486,-0.05724697746992608,0.020936542582993056,5.020390817674001,2.041300161679586,0.7738619888813,4.058226420730177,1.7538078109423318,0.8311089663512257
white,10,5.0,0.05,30,1.0314858672858465,0.6705059777611895,0.27181028127670287,0.16229200613500896,-0.04254730112043982,0.016889372992940584,5.089712288016023,2.0256180922190348,0.7885616652307861,4.058226420730177,1.7538078109423318,0.8311089663512257
white,10,5.0,0.1,30,1.041240800650837,0.6603858372189938,0.2893302321434021,0.14719406240107802,-0.031879204255093024,0.012495615362748515,5.099467221381015,2.043138043085734,0.7992297620961328,4.058226420730177,1.7538078109423318,0.8311089663512257
white,15,1.0,0.0,30,3.6526634114416376,0.35876365681892763,0.576863968372345,0.10119444686270825,0.018138903427026287,0.004990885561333567,12.08174464832501,2.677254621187846,0.9082205422934807,8.429081236883373,2.1003906528155007,0.8900816388664542
white,15,1.0,0.005,30,3.653036208363032,0.3587123236590755,0.5766299208005269,0.10112574632162498,0.01813953817243633,0.004975824437767363,12.082117445246405,2.6770205736160277,0.9082211770388906,8.429081236883373,2.1003906528155007,0.8900816388664542
white,15,1.0,0.01,30,3.6533396788594574,0.3586595652973691,0.5764442960421244,0.10107125199335326,0.01814032954497671,0.0049602462716249,12.082420915742832,2.6768349488576253,0.908221968411431,8.429081236883373,2.1003906528155007,0.8900816388664542
white,15,1.0,0.02,30,3.653724755883424,0.3585409520003133,0.5762044946352641,0.10092852729366382,0.01814356686675922,0.004931850363882427,12.082805992766797,2.6765951474507648,0.9082252057332134,8.429081236883373,2.1003906528155007,0.8900816388664542
white,15,1.0,0.05,30,3.6528965964447706,0.35811929533689957,0.5757682283719381,0.10035862140413383,0.018150387867859958,0.004853558959218371,12.081977833328144,2.676158881187439,0.9082320267343141,8.429081236883373,2.1003906528155007,0.8900816388664542
white,15,1.0,0.1,30,3.643771131551254,0.35700022307236506,0.5736311237017314,0.09874064825328936,0.01814992036008268,0.0046984467880348555,12.072852368434628,2.674021776517232,0.9082315592265372,8.429081236883373,2.1003906528155007,0.8900816388664542
white,15,2.0,0.0,30,2.8560779179737983,0.5142498644897961,0.8746935804684957,0.20708246911844885,0.01845989675968281,0.015066385124760448,11.285159154857174,2.9750842332839964,0.908541535626137,8.429081236883373,2.1003906528155007,0.8900816388664542
white,15,2.0,0.005,30,2.8659568835103415,0.5142526461440189,0.8837544163068135,0.20605348868201992,0.01847588429231891,0.015010811078582181,11.295038120393716,2.9841450691223144,0.9085575231587733,8.429081236883373,2.1003906528155007,0.8900816388664542
white,15,2.0,0.01,30,2.8753276965121537,0.5142182136723145,0.9023354887962342,0.2040129765124231,0.018504043923838347,0.014964761261095645,11.304408933395527,3.0027261416117352,0.9085856827902926,8.429081236883373,2.1003906528155007,0.8900816388664542
white,15,2.0,0.02,30,2.8925036433401434,0.5140581528002985,0.9326737999916077,0.19993329598345247,0.018590072989669172,0.014870905864519342,11.32158488022352,3.0330644528071087,0.9086717118561233,8.429081236883373,2.1003906528155007,0.8900816388664542
white,15,2.0,0.05,30,2.930931925310854,0.5126491588928244,0.944363534450531,0.18756737447806557,0.018903689224452,0.014507124550378546,11.36001316219423,3.0447541872660318,0.9089853280909064,8.429081236883373,2.1003906528155007,0.8900816388664542
white,15,2.0,0.1,30,2.9493460860667127,0.5078750585910012,0.8802399833997091,0.17237607022907225,0.019121249031055585,0.013453416498161798,11.37842732295009,2.98063063621521,0.9092028878975097,8.429081236883373,2.1003906528155007,0.8900816388664542
white,15,3.0,0.0,30,1.134084327177945,0.5690114502455453,0.7857367475827535,0.32587286278178734,0.0005447118317995233,0.02301481189418254,9.563165564061316,2.886127400398254,0.8906263506982537,8.429081236883373,2.1003906528155007,0.8900816388664542
white,15,3.0,0.005,30,1.150508932288911,0.5693733220749373,0.868574837843577,0.31003132796317273,0.0008157547954666093,0.022913460410364517,9.579590169172285,2.968965490659078,0.8908973936619208,8.429081236883373,2.1003906528155007,0.8900816388664542
white,15,3.0,0.01,30,1.166332924897379,0.5696786156720527,0.9278835495313008,0.2827630169157542,0.0013233255160968146,0.02272860279532517,9.595414161780752,3.0282742023468017,0.8914049643825513,8.429081236883373,2.1003906528155007,0.8900816388664542
white,15,3.0,0.02,30,1.1961396531179416,0.5700775501732224,0.9030167698860169,0.21665924262188652,0.002646475240030651,0.022199126851363903,9.625220890001316,3.003407422701518,0.8927281141064847,8.429081236883373,2.1003906528155007,0.8900816388664542
white,15,3.0,0.05,30,1.2701725620029396,0.5696248550771066,0.753723148504893,0.18820596237682014,0.004516354002053991,0.020575547717185793,9.699253798886312,2.854113801320394,0.8945979928685082,8.429081236883373,2.1003906528155007,0.8900816388664542
white,15,3.0,0.1,30,1.3419549166071687,0.5640386363214562,0.677997601032257,0.18274926437143024,0.004363163305130568,0.017970901980859898,9.77103615349054,2.778388253847758,0.8944448021715847,8.429081236883373,2.1003906528155007,0.8900816388664542
white,15,4.0,0.0,30,-0.14870049869873908,0.6069869230200593,0.539350155989329,0.35539855704331125,-0.026602411480162454,0.02934641099733973,8.280380738184636,2.63974080880483,0.8634792273862918,8.429081236883373,2.1003906528155007,0.8900816388664542
white,15,4.0,0.005,30,-0.12973532767129756,0.6075560482811262,0.6591022451718648,0.3286091125723957,-0.025598718177694577,0.028677030910139876,8.299345909212075,2.7594928979873656,0.8644829206887596,8.429081236883373,2.1003906528155007,0.8900816388664542
white,15,4.0,0.01,30,-0.11132804811429532,0.6080486764656092,0.7321046233177185,0.30000597784198596,-0.02380404834180323,0.027786308053169784,8.317753188769078,2.8324952761332196,0.8662775905246511,8.429081236883373,2.1003906528155007,0.8900816388664542
white,15,4.0,0.02,30,-0.07622497734020438,0.6088034157586116,0.7013456781705221,0.20730459419688577,-0.01980481857753357,0.026034702080738287,8.35285625954317,2.801736330986023,0.8702768202889207,8.429081236883373,2.1003906528155007,0.8900816388664542
white,15,4.0,0.05,30,0.014646113542691097,0.6091358847485269,0.5449478427569071,0.1829841770007591,-0.01343803793553033,0.02307169681384645,8.443727350426064,2.645338495572408,0.8766436009309239,8.429081236883373,2.1003906528155007,0.8900816388664542
white,15,4.0,0.1,30,0.11774106366611979,0.6034297852690508,0.5063019474347432,0.18110384159041845,-0.010624732403399732,0.01956484467030863,8.546822300549492,2.606692600250244,0.8794569064630545,8.429081236883373,2.1003906528155007,0.8900816388664542
white,15,5.0,0.0,30,-1.1214020299024219,0.6405546559477187,0.3700555523236593,0.3577454618583283,-0.05267377095501005,0.034144192025818754,7.307679206980952,2.4704462051391602,0.8374078679114443,8.429081236883373,2.1003906528155007,0.8900816388664542
white,15,5.0,0.005,30,-1.1010211581295513,0.6412160074425775,0.4898034453392029,0.3365027702521746,-0.05106867143641791,0.03327419016204413,7.328060078753822,2.590194098154704,0.8390129674300364,8.429081236883373,2.1003906528155007,0.8900816388664542
white,15,5.0,0.01,30,-1.0811720986155369,0.6418011636248179,0.5574983636538188,0.3096590196347098,-0.04819626583634413,0.03186760249855039,7.347909138267836,2.6578890164693196,0.8418853730301099,8.429081236883373,2.1003906528155007,0.8900816388664542
white,15,5.0,0.02,30,-1.0431126273363536,0.6427422568117594,0.5218708713849386,0.2057228022029008,-0.04179727825912307,0.02911138740146944,7.385968609547019,2.6222615242004395,0.8482843606073313,8.429081236883373,2.1003906528155007,0.8900816388664542
white,15,5.0,0.05,30,-0.9423633789071172,0.6432711229733159,0.3867222348848979,0.1871286776277887,-0.029718597754720757,0.024177907046063006,7.486717857976257,2.4871128877003987,0.8603630411117335,8.429081236883373,2.1003906528155007,0.8900816388664542
white,15,5.0,0.1,30,-0.8192488124329973,0.6371558285198389,0.3784882028897603,0.17709341505859968,-0.02281854187744354,0.019379845477335327,7.609832424450375,2.4788788557052612,0.8672630969890106,8.429081236883373,2.1003906528155007,0.8900816388664542
