check,signal,length,value
cola_interior_max_dev,periodic_hann,,4.440892098500626e-16
cola_interior_max_dev,symmetric_hann_np.hanning,,0.006159479160495529
roundtrip_max_abs_err,white_L12345,12345,8.881784197001252e-16
roundtrip_max_abs_err,white_L256,256,6.661338147750939e-16
roundtrip_max_abs_err,white_L257,257,4.440892098500626e-16
roundtrip_max_abs_err,white_L128,128,4.440892098500626e-16
roundtrip_max_abs_err,white_L100,100,4.440892098500626e-16
roundtrip_max_abs_err,sp01,22529,1.1102230246251565e-16
roundtrip_max_abs_err,sp02,21119,8.326672684688674e-17
roundtrip_max_abs_err,sp03,17967,1.1102230246251565e-16
roundtrip_max_abs_err,sp04,16928,8.326672684688674e-17
roundtrip_max_abs_err,sp05,17627,1.1102230246251565e-16
roundtrip_max_abs_err,sp06,21801,1.6653345369377348e-16
roundtrip_max_abs_err,sp07,20115,1.1102230246251565e-16
roundtrip_max_abs_err,sp08,22764,2.220446049250313e-16
roundtrip_max_abs_err,sp09,24077,8.326672684688674e-17
roundtrip_max_abs_err,sp10,21371,1.1102230246251565e-16
roundtrip_max_abs_err,sp11,23436,1.3877787807814457e-16
roundtrip_max_abs_err,sp12,21982,1.1102230246251565e-16
roundtrip_max_abs_err,sp13,20307,1.1102230246251565e-16
roundtrip_max_abs_err,sp14,23466,2.220446049250313e-16
roundtrip_max_abs_err,sp15,23323,9.020562075079397e-17
roundtrip_max_abs_err,sp16,18621,1.6653345369377348e-16
roundtrip_max_abs_err,sp17,19231,1.1102230246251565e-16
roundtrip_max_abs_err,sp18,18269,1.1102230246251565e-16
roundtrip_max_abs_err,sp19,21338,1.5265566588595902e-16
roundtrip_max_abs_err,sp20,20752,1.3877787807814457e-16
roundtrip_max_abs_err,sp21,28064,1.1102230246251565e-16
roundtrip_max_abs_err,sp22,21582,8.326672684688674e-17
roundtrip_max_abs_err,sp23,21209,1.1102230246251565e-16
roundtrip_max_abs_err,sp24,27768,8.326672684688674e-17
roundtrip_max_abs_err,sp25,23443,1.1102230246251565e-16
roundtrip_max_abs_err,sp26,19934,1.1102230246251565e-16
roundtrip_max_abs_err,sp27,20316,8.326672684688674e-17
roundtrip_max_abs_err,sp28,19487,1.6653345369377348e-16
roundtrip_max_abs_err,sp29,20409,1.1102230246251565e-16
roundtrip_max_abs_err,sp30,21086,1.6653345369377348e-16
