method,config,noise,snr_in,n,segsnr_noisy_mean,segsnr_noisy_std,segsnr_out_mean,segsnr_out_std,d_segsnr_mean,d_segsnr_std,pesq_noisy_mean,pesq_noisy_std,pesq_out_mean,pesq_out_std,d_pesq_mean,d_pesq_std,stoi_noisy_mean,stoi_noisy_std,stoi_out_mean,stoi_out_std,d_stoi_mean,d_stoi_std
spectral_sub,SS a=2 b=0.02,white,-5,30,-6.446565920075685,0.4106497626564732,0.6470669738422105,0.6822227895584477,7.0936328939178965,0.6137369709597141,1.2843192219734192,0.09055133437767121,1.4353517850240072,0.08917999742365353,0.15103256305058796,0.1033606062843244,0.5569962433620611,0.04572717684437896,0.5347695647576983,0.04857387055480796,-0.02222667860436289,0.024220160537787108
spectral_sub,SS a=2 b=0.02,white,0,30,-3.4697183678248553,0.6601267333722383,3.0430237700394622,0.8149717577568387,6.512742137864318,0.6980768779825708,1.3665387312571207,0.09855479325113405,1.7005886117617288,0.09100697683371106,0.33404988050460815,0.10988890612600104,0.6526626675868733,0.04769945912474809,0.6557190683529528,0.05112785084821056,0.0030564007660796293,0.018870039846307484
spectral_sub,SS a=2 b=0.02,white,5,30,0.10393281121364434,0.8726824234343248,5.698475187593187,0.838912970525582,5.594542376379542,0.5318971285157204,1.5131463845570883,0.11022359892742928,2.083693194389343,0.11583767746944351,0.570546809832255,0.12512423212505736,0.7468132612106183,0.04051558648418457,0.7591145961950271,0.04837051064731497,0.012301334984408578,0.02184875399667968
spectral_sub,SS a=2 b=0.02,white,10,30,4.058226420730177,1.079483698047875,8.472823485089053,0.9102277395042159,4.414597064358877,0.5461210608671324,1.7538078109423318,0.13219812795705269,2.521565254529317,0.13189878103488417,0.7677574435869853,0.17334036275635212,0.8311089663512257,0.03488213262946405,0.8489705351618683,0.03705134825799684,0.01786156881064249,0.01412893925022623
spectral_sub,SS a=2 b=0.02,white,15,30,8.429081236883373,1.1651374884718166,11.32158488022352,1.0999511916263434,2.8925036433401434,0.5140581528002985,2.1003906528155007,0.1647945987512249,3.0330644528071087,0.15258251573375545,0.9326737999916077,0.19993329598345247,0.8900816388664542,0.027674293713905642,0.9086717118561233,0.02800913143613311,0.018590072989669172,0.014870905864519342
spectral_sub,SS a=2 b=0.02,babble,-5,30,-5.2380953118896105,0.7884150337530235,-2.833299681100169,0.9230920259000684,2.404795630789443,0.7777472123228049,1.2769414822260539,0.12309894541196056,1.1967907985051474,0.10684378134896273,-0.08015068372090657,0.1162351994752528,0.5159190724645532,0.06023813060832755,0.42240593658153774,0.06586224258098966,-0.09351313588301548,0.02591572979842506
spectral_sub,SS a=2 b=0.02,babble,0,30,-2.159326871190721,0.8671311103847534,-0.4437137262886528,0.8042154313757133,1.715613144902068,0.7545701009034624,1.4406765222549438,0.10985505026205374,1.3736406882603964,0.09247143903197334,-0.06703583399454753,0.09326714607344595,0.6560612174006141,0.06082676573582628,0.596766255290185,0.07085032923694522,-0.05929496211042917,0.033902787464295724
spectral_sub,SS a=2 b=0.02,babble,5,30,1.452461349735511,0.9077868516125932,2.4546829177072005,0.9272319673289693,1.002221567971689,0.8008768918865277,1.6627184629440308,0.13193076757244443,1.6247448484102884,0.08824293010060492,-0.03797361453374227,0.1144236466560985,0.7830598423730213,0.052074951184298834,0.7498701155162383,0.05695894079836451,-0.0331897268567831,0.022078977470484835
spectral_sub,SS a=2 b=0.02,babble,10,30,5.582566755097266,1.320766731390011,5.685173270649641,1.1196952550290182,0.10260651555237513,1.1677314544578763,1.985855225721995,0.17817903331508497,2.007875065008799,0.1344623133792146,0.022019839286804198,0.14724545365604252,0.883259191449331,0.04105132786211455,0.8643786707427364,0.04812112601481589,-0.018880520706594458,0.02104254369201571
spectral_sub,SS a=2 b=0.02,babble,15,30,10.031679008547872,1.4351643926150761,9.401033146681304,1.0947750872706428,-0.6306458618665689,1.128090433812621,2.3620428959528605,0.16614354342338702,2.4578490098317465,0.13624935423134374,0.0958061138788859,0.12034141100255216,0.9429599342746562,0.025923395720110085,0.9312874267950532,0.03076243607230304,-0.011672507479602922,0.012364377281228724
wiener,Wiener eta=0.98,white,-5,30,-6.446565920075685,0.4106497626564732,1.4760645075114642,0.6556047313775207,7.922630427587149,0.5928728708243639,1.2843192219734192,0.09055133437767121,1.5059286197026571,0.08549000051711207,0.22160939772923788,0.11358145065464126,0.5569962433620611,0.04572717684437896,0.5373732140127387,0.0425047873189009,-0.01962302934932247,0.019153648974420574
wiener,Wiener eta=0.98,white,0,30,-3.4697183678248553,0.6601267333722383,3.653707508533049,0.822516402584476,7.123425876357904,0.7035738058170266,1.3665387312571207,0.09855479325113405,1.7742954691251118,0.10354334613059804,0.4077567378679911,0.13366583858901362,0.6526626675868733,0.04769945912474809,0.648224295835019,0.04089459273264685,-0.004438371751854268,0.0222772813520504
wiener,Wiener eta=0.98,white,5,30,0.10393281121364434,0.8726824234343248,6.15326286725155,0.9447534589980994,6.049330056037906,0.6249779652775233,1.5131463845570883,0.11022359892742928,2.1518945773442586,0.12537604861751458,0.6387481927871704,0.15919694600345766,0.7468132612106183,0.04051558648418457,0.7471293062097835,0.03951543921274215,0.00031604499916491056,0.023465605940656078
wiener,Wiener eta=0.98,white,10,30,4.058226420730177,1.079483698047875,8.772332364296334,1.048625288035623,4.714105943566157,0.5374712376476729,1.7538078109423318,0.13219812795705269,2.5725390593210857,0.13018983707077347,0.8187312483787537,0.18910699097953854,0.8311089663512257,0.03488213262946405,0.8348531050087946,0.03434123998573937,0.0037441386575686854,0.016195798137722733
wiener,Wiener eta=0.98,white,15,30,8.429081236883373,1.1651374884718166,11.676022987076141,1.167698616559076,3.2469417501927667,0.48341548744226814,2.1003906528155007,0.1647945987512249,2.986051559448242,0.15379388786365242,0.8856609066327413,0.21955944359288684,0.8900816388664542,0.027674293713905642,0.8911173223873444,0.03074987700249803,0.0010356835208901812,0.018085372496001412
wiener,Wiener eta=0.98,babble,-5,30,-5.2380953118896105,0.7884150337530235,-2.8035372663153013,1.0659349678255245,2.4345580455743105,0.9759378414304157,1.2769414822260539,0.12309894541196056,1.199776017665863,0.11255737029587021,-0.07716546456019084,0.11915567792472659,0.5159190724645532,0.06023813060832755,0.39405497773081744,0.06609846394196164,-0.12186409473373584,0.030994479883841918
wiener,Wiener eta=0.98,babble,0,30,-2.159326871190721,0.8671311103847534,-0.6127688448963021,0.8534091052495892,1.5465580262944185,0.7561629807414648,1.4406765222549438,0.10985505026205374,1.377021304766337,0.0868516835260315,-0.06365521748860677,0.09030965878703118,0.6560612174006141,0.06082676573582628,0.5685939230607767,0.07164086838132565,-0.08746729433983756,0.03964699205276883
wiener,Wiener eta=0.98,babble,5,30,1.452461349735511,0.9077868516125932,2.3511271345466427,0.8975715308850499,0.8986657848111311,0.8566249471385141,1.6627184629440308,0.13193076757244443,1.6115561763445536,0.08394376960677634,-0.05116228659947713,0.11226678174926463,0.7830598423730213,0.052074951184298834,0.7143366049154373,0.05667915761253293,-0.06872323745758427,0.03156485738417576
wiener,Wiener eta=0.98,babble,10,30,5.582566755097266,1.320766731390011,5.679737887534927,1.2408658079953205,0.09717113243765949,1.0859442329752294,1.985855225721995,0.17817903331508497,2.0003069758415224,0.12863611103493794,0.014451750119527181,0.16159514925716842,0.883259191449331,0.04105132786211455,0.8361612480444697,0.05253339986176982,-0.047097943404861224,0.030375904002785677
wiener,Wiener eta=0.98,babble,15,30,10.031679008547872,1.4351643926150761,9.417680647813398,1.1357923753786958,-0.6139983607344722,1.019891506273522,2.3620428959528605,0.16614354342338702,2.430632988611857,0.1469734681966996,0.06859009265899658,0.136920464725223,0.9429599342746562,0.025923395720110085,0.911341231981066,0.036058107747231276,-0.031618702293590185,0.017537097595855502
wavelet,Wavelet db8 L5 universal,white,-5,30,-6.446565920075685,0.4106497626564732,-2.966492598424483,0.5184966004732612,3.480073321651202,0.5345933812844995,1.2843192219734192,0.09055133437767121,1.0396404981613159,0.024585281542613475,-0.24467872381210326,0.0926024837045009,0.5569962433620611,0.04572717684437896,0.3386822565127974,0.05788039066458835,-0.21831398684926373,0.0514145481720059
wavelet,Wavelet db8 L5 universal,white,0,30,-3.4697183678248553,0.6601267333722383,-1.594873492163522,0.5015678954585313,1.8748448756613334,0.6341089288920727,1.3665387312571207,0.09855479325113405,1.095822846889496,0.047388927899987,-0.2707158843676249,0.10572720258677742,0.6526626675868733,0.04769945912474809,0.4673313479438993,0.05925204235589091,-0.18533131964297384,0.05507812825893734
wavelet,Wavelet db8 L5 universal,white,5,30,0.10393281121364434,0.8726824234343248,0.10642190645296165,0.4814516018058552,0.002489095239317294,0.7093611425533491,1.5131463845570883,0.11022359892742928,1.2077795704205831,0.08544840729778555,-0.3053668141365051,0.11854275710092665,0.7468132612106183,0.04051558648418457,0.5906632997774177,0.05768012174519974,-0.1561499614332007,0.05325418229186061
wavelet,Wavelet db8 L5 universal,white,10,30,4.058226420730177,1.079483698047875,2.092576912857636,0.5150367701644755,-1.9656495078725402,0.8772829618089064,1.7538078109423318,0.13219812795705269,1.3654310345649718,0.1057151130101381,-0.38837677637736,0.15424783238686948,0.8311089663512257,0.03488213262946405,0.689445489745917,0.05443866869560124,-0.1416634766053088,0.0400921515683027
wavelet,Wavelet db8 L5 universal,white,15,30,8.429081236883373,1.1651374884718166,4.173018846033925,0.5974520176187599,-4.256062390849447,0.9192297302378513,2.1003906528155007,0.1647945987512249,1.5611472845077514,0.15614834131155125,-0.5392433683077494,0.21651324701361474,0.8900816388664542,0.027674293713905642,0.7730384434940542,0.05040905359073343,-0.11704319537240013,0.032403269390035856
wavelet,Wavelet db8 L5 universal,babble,-5,30,-5.2380953118896105,0.7884150337530235,-3.679577641005286,0.7344940969303997,1.5585176708843254,0.4469012621383072,1.2769414822260539,0.12309894541196056,1.234876799583435,0.08964162012402377,-0.04206468264261882,0.07257609417768583,0.5159190724645532,0.06023813060832755,0.43879185548744215,0.07152289075461149,-0.07712721697711097,0.03407636793990826
wavelet,Wavelet db8 L5 universal,babble,0,30,-2.159326871190721,0.8671311103847534,-0.9652107616079653,0.7729735889672238,1.1941161095827553,0.4603294713507408,1.4406765222549438,0.10985505026205374,1.3547506093978883,0.10640085309779967,-0.08592591285705567,0.09215380544209774,0.6560612174006141,0.06082676573582628,0.6000014171362776,0.06813787333219906,-0.056059800264336594,0.022691102909481856
wavelet,Wavelet db8 L5 universal,babble,5,30,1.452461349735511,0.9077868516125932,1.9748514151586214,0.7352712396213374,0.5223900654231104,0.5854681230973909,1.6627184629440308,0.13193076757244443,1.5538445552190145,0.1118239053360777,-0.10887390772501628,0.07303898919468486,0.7830598423730213,0.052074951184298834,0.7232883153227446,0.06342109246244768,-0.05977152705027641,0.023472707738673125
wavelet,Wavelet db8 L5 universal,babble,10,30,5.582566755097266,1.320766731390011,4.873495232530212,0.7415901949800524,-0.7090715225670547,0.9810818375186346,1.985855225721995,0.17817903331508497,1.7970172921816507,0.15128055928879175,-0.18883793354034423,0.14174734092430705,0.883259191449331,0.04105132786211455,0.8199559325702783,0.05276596234730006,-0.06330325887905257,0.021473325381623023
wavelet,Wavelet db8 L5 universal,babble,15,30,10.031679008547872,1.4351643926150761,7.60832789791964,0.8598479660176711,-2.42335111062823,1.0162224167732452,2.3620428959528605,0.16614354342338702,2.0254444042841593,0.1626102975117897,-0.33659849166870115,0.17927353550481914,0.9429599342746562,0.025923395720110085,0.8770440349321256,0.04177201779386532,-0.06591589934253089,0.02327953082202229
wavelet_ld,Wavelet db8 L5 level_dependent,white,-5,30,-6.446565920075685,0.4106497626564732,-3.034037573923636,0.5031088385420563,3.412528346152049,0.5295804453497794,1.2843192219734192,0.09055133437767121,1.1156342069307963,0.3879462243715614,-0.16868501504262287,0.41814142133361515,0.5569962433620611,0.04572717684437896,0.3027076924565667,0.05694068785500319,-0.25428855090549457,0.04442389200247989
wavelet_ld,Wavelet db8 L5 level_dependent,white,0,30,-3.4697183678248553,0.6601267333722383,-1.8805036488878601,0.43710473500755725,1.5892147189369947,0.666598839634674,1.3665387312571207,0.09855479325113405,1.0543328722318013,0.029413437558634136,-0.31220585902531944,0.09922572302756669,0.6526626675868733,0.04769945912474809,0.4072563113143107,0.05908311430710944,-0.2454063562725624,0.04848768023736254
wavelet_ld,Wavelet db8 L5 level_dependent,white,5,30,0.10393281121364434,0.8726824234343248,-0.6073923023344007,0.33193200073925605,-0.711325113548045,0.8158375176083035,1.5131463845570883,0.11022359892742928,1.1100472609202068,0.04090036538681573,-0.4030991236368815,0.1039125221648245,0.7468132612106183,0.04051558648418457,0.5153987799605763,0.06877745161809085,-0.2314144812500421,0.06129670991438522
wavelet_ld,Wavelet db8 L5 level_dependent,white,10,30,4.058226420730177,1.079483698047875,0.8054521048687792,0.3062947890014862,-3.252774315861397,1.1332833208939823,1.7538078109423318,0.13219812795705269,1.205202861626943,0.07325233656542496,-0.548604949315389,0.12381188498395178,0.8311089663512257,0.03488213262946405,0.609362994754726,0.07464218274849137,-0.22174597159649995,0.06425386119282252
wavelet_ld,Wavelet db8 L5 level_dependent,white,15,30,8.429081236883373,1.1651374884718166,2.1961538860367793,0.54754538372763,-6.2329273508465945,1.4453372099932194,2.1003906528155007,0.1647945987512249,1.327017569541931,0.10424295549452538,-0.7733730832735698,0.1581083816158842,0.8900816388664542,0.027674293713905642,0.6912430670818962,0.07640773564549215,-0.19883857178455785,0.06166050361298417
wavelet_ld,Wavelet db8 L5 level_dependent,babble,-5,30,-5.2380953118896105,0.7884150337530235,-0.6677049138739385,0.3401793416983843,4.5703903980156735,0.8939301824550315,1.2769414822260539,0.12309894541196056,1.062341324488322,0.050306899697238935,-0.21460015773773194,0.12857018019277514,0.5159190724645532,0.06023813060832755,0.2709622698760283,0.09161056661311595,-0.24495680258852495,0.06400440644344778
wavelet_ld,Wavelet db8 L5 level_dependent,babble,0,30,-2.159326871190721,0.8671311103847534,-0.12326029276219351,0.2474135106688045,2.036066578428527,0.9315607416588978,1.4406765222549438,0.10985505026205374,1.0633121132850647,0.027249475369496106,-0.37736440896987916,0.11143407507327519,0.6560612174006141,0.06082676573582628,0.4007290204986166,0.07811685047469447,-0.25533219690199765,0.04787432456651878
wavelet_ld,Wavelet db8 L5 level_dependent,babble,5,30,1.452461349735511,0.9077868516125932,0.48338891401779766,0.22706503657546723,-0.9690724357177134,0.9927542301153555,1.6627184629440308,0.13193076757244443,1.1157618006070456,0.05040222747190556,-0.5469566623369853,0.13830360736613084,0.7830598423730213,0.052074951184298834,0.5216588630037475,0.07303635934384764,-0.26140097936927376,0.049918925081920924
wavelet_ld,Wavelet db8 L5 level_dependent,babble,10,30,5.582566755097266,1.320766731390011,1.1776993472302737,0.2927429250707303,-4.404867407866992,1.425930229825455,1.985855225721995,0.17817903331508497,1.2198320468266806,0.07399494430269216,-0.7660231788953146,0.16771440295652318,0.883259191449331,0.04105132786211455,0.618722103990498,0.0699994937927321,-0.26453708745883303,0.051066020873088876
wavelet_ld,Wavelet db8 L5 level_dependent,babble,15,30,10.031679008547872,1.4351643926150761,2.051203653226115,0.4760881533117796,-7.9804753553217544,1.6792909973607824,2.3620428959528605,0.16614354342338702,1.335702610015869,0.10962661703576863,-1.0263402859369914,0.18426747925914644,0.9429599342746562,0.025923395720110085,0.7005641607655064,0.07556643088810644,-0.24239577350914981,0.06077369707761161
