method,variant,alpha,beta,eta,wavelet,level,n_runs,mean_runtime_ms,max_runtime_ms
spectral_sub,,1.0,0.0,,,,300,2.3402727523838016,21.378416000516154
spectral_sub,,1.0,0.005,,,,300,2.29935145311174,11.105249999673106
spectral_sub,,1.0,0.01,,,,300,2.2782432202075142,6.23545800044667
spectral_sub,,1.0,0.02,,,,300,2.3368355802570777,6.8725000019185245
spectral_sub,,1.0,0.05,,,,300,2.24981473365915,10.20075000997167
spectral_sub,,1.0,0.1,,,,300,2.2940577700016247,7.4720409902511165
spectral_sub,,2.0,0.0,,,,300,2.392174467240693,26.842958002816886
spectral_sub,,2.0,0.005,,,,300,2.5759072066284716,39.27391700563021
spectral_sub,,2.0,0.01,,,,300,2.1942283535706033,7.69791699713096
spectral_sub,,2.0,0.02,,,,300,2.279472066923821,8.615959013695829
spectral_sub,,2.0,0.05,,,,300,2.420321440101058,12.82920800440479
spectral_sub,,2.0,0.1,,,,300,2.4422297337150667,55.888041999423876
spectral_sub,,3.0,0.0,,,,300,2.3278656862385105,8.95850000961218
spectral_sub,,3.0,0.005,,,,300,2.269445980055025,7.941375006339513
spectral_sub,,3.0,0.01,,,,300,2.367868462994617,9.992833001888357
spectral_sub,,3.0,0.02,,,,300,2.332634596483937,11.52304200513754
spectral_sub,,3.0,0.05,,,,300,2.2913398638775107,10.716250006225891
spectral_sub,,3.0,0.1,,,,300,2.347455417135886,10.218416995485313
spectral_sub,,4.0,0.0,,,,300,2.2670811967206346,8.36183299543336
spectral_sub,,4.0,0.005,,,,300,2.32250678629498,9.526207999442704
spectral_sub,,4.0,0.01,,,,300,2.293249730282696,6.012583995470777
spectral_sub,,4.0,0.02,,,,300,2.3055865033044634,17.10241599357687
spectral_sub,,4.0,0.05,,,,300,2.325522616689947,7.060624993755482
spectral_sub,,4.0,0.1,,,,300,2.4730541728786193,12.183333994471468
spectral_sub,,5.0,0.0,,,,300,2.4677472297238032,12.149292000685818
spectral_sub,,5.0,0.005,,,,300,2.4519856832436444,13.497916996129788
spectral_sub,,5.0,0.01,,,,300,2.344361389647626,11.151041995617561
spectral_sub,,5.0,0.02,,,,300,2.29059586005557,10.418124991701916
spectral_sub,,5.0,0.05,,,,300,2.2519386096973903,6.793749998905696
spectral_sub,,5.0,0.1,,,,300,2.396384594564249,22.110999998403713
wavelet,level_dependent,,,,db4,3,300,0.983739450117961,4.612582997651771
wavelet,level_dependent,,,,db4,4,300,1.1038240197619114,6.813290994614363
wavelet,level_dependent,,,,db4,5,300,1.149141533630124,7.034167007077485
wavelet,level_dependent,,,,db4,6,300,1.1469705635681748,4.564375005429611
wavelet,level_dependent,,,,db8,3,300,1.3206586496380623,5.247624998446554
wavelet,level_dependent,,,,db8,4,300,1.4761611099432532,10.386583002400585
wavelet,level_dependent,,,,db8,5,300,1.5573459870938677,5.950834005489014
wavelet,level_dependent,,,,db8,6,300,1.5479752696410287,8.217541995691136
wavelet,level_dependent,,,,sym8,3,300,1.3054494165893022,8.419916004640982
wavelet,level_dependent,,,,sym8,4,300,1.4399125161192692,5.500375002156943
wavelet,level_dependent,,,,sym8,5,300,1.5844115095872742,7.703791998210363
wavelet,level_dependent,,,,sym8,6,300,1.5522937295706167,8.317208994412795
wavelet,universal,,,,db4,3,300,0.8726976365142036,4.3852910021087155
wavelet,universal,,,,db4,4,300,0.9425747431911683,7.529209004133008
wavelet,universal,,,,db4,5,300,0.9199095536314417,6.027916999300942
wavelet,universal,,,,db4,6,300,0.9558823763897332,4.243584000505507
wavelet,universal,,,,db8,3,300,1.1742737531797804,4.064541004481725
wavelet,universal,,,,db8,4,300,1.2015720768249594,3.459624989773147
wavelet,universal,,,,db8,5,300,1.2331307366548572,4.643833002774045
wavelet,universal,,,,db8,6,300,1.3699248703778721,7.605542006785981
wavelet,universal,,,,sym8,3,300,1.1786377661822673,4.18345800426323
wavelet,universal,,,,sym8,4,300,1.2916610069805756,5.256875010672957
wavelet,universal,,,,sym8,5,300,1.2990451463944435,6.118417004472576
wavelet,universal,,,,sym8,6,300,1.365814042801503,8.406250010011718
wiener,,,,0.5,,,300,3.947561526438222,15.070833003846928
wiener,,,,0.9,,,300,4.178758193544732,12.130582996178418
wiener,,,,0.95,,,300,4.03696941328235,12.87070800026413
wiener,,,,0.98,,,300,3.8979337362494944,11.932291003176942
wiener,,,,0.99,,,300,4.07741929331678,13.245167006971315
