case,description,signal,n_events,concentration_mean,concentration_std,pre_echo_db_mean,pre_echo_db_std,core_energy_db_mean
click_train,"click train, white 10 dB",clean,20,1.0,0.0,-inf,nan,0.0
click_train,"click train, white 10 dB",noisy,20,0.9569896823281155,0.0036140077047787035,-20.062585938906345,0.7539054066772749,0.0033906845301430884
click_train,"click train, white 10 dB",spectral_sub,20,0.978825989163585,0.010239888450168223,-21.232009710235246,1.7096729750765367,-3.022428578376441
click_train,"click train, white 10 dB",wiener,20,0.9435826822005055,0.009760153299201156,-19.087176979857574,1.048143715296377,-4.550886832447253
click_train,"click train, white 10 dB",wavelet,20,0.9917812454163524,0.001730513848200627,-22.053284935005934,0.7993582098098976,-1.5469278464881806
click_train,"click train, white 10 dB",wavelet_ld,20,0.9903293682847046,0.001870313680587504,-21.782686386338973,0.7645706671967474,-1.5905436134188893
plosive,"sp13 plosive at 2.257 s, white 5 dB",clean,1,0.5160889410558771,nan,-31.041836203573595,nan,0.0
plosive,"sp13 plosive at 2.257 s, white 5 dB",noisy,1,0.09620655658863679,nan,10.442586583106843,nan,7.190849197321155
plosive,"sp13 plosive at 2.257 s, white 5 dB",spectral_sub,1,0.08450558047442454,nan,-8.69737145808167,nan,-13.429845217684965
plosive,"sp13 plosive at 2.257 s, white 5 dB",wiener,1,0.08226050482973862,nan,-15.882199224360992,nan,-17.309230607523105
plosive,"sp13 plosive at 2.257 s, white 5 dB",wavelet,1,0.03153324069767044,nan,-6.8512123900904545,nan,-9.705126771400256
plosive,"sp13 plosive at 2.257 s, white 5 dB",wavelet_ld,1,0.03153324069767044,nan,-6.8512123900904545,nan,-9.705126771400256
