t_ms,clean,noisy,spectral_sub,wiener,wavelet,wavelet_ld
-30.0,-inf,-32.95583528356523,-55.17452447577098,-52.35906559717574,-45.88932092781603,-45.889313089374866
-29.875,-inf,-31.918610424612087,-53.7019430494946,-51.001513048993615,-45.00213450456586,-45.00212535406617
-29.75,-inf,-31.37352860165762,-53.131145282158066,-50.32777649879585,-44.29742882364822,-44.29741821669222
-29.625,-inf,-31.032949980983954,-52.59758868269489,-49.96874705817962,-43.71818954796506,-43.71817735053704
-29.5,-inf,-30.10326097411432,-52.050599421740415,-49.08158651927488,-43.229593222020725,-43.22957932115196
-29.375,-inf,-30.52792722481428,-51.92075312633381,-49.07105093122739,-43.40728750416677,-43.40727020629857
-29.25,-inf,-30.5638493350774,-51.98195136213985,-48.99009679610426,-43.59450481058449,-43.594483705739265
-29.125,-inf,-30.134277144880972,-51.798877596987516,-48.85429547769875,-43.78476552965611,-43.78474032231712
-29.0,-inf,-30.174489775314086,-51.687628792070306,-49.50573142081037,-43.97122658443496,-43.97119717706268
-28.875,-inf,-30.240029058708586,-51.82509432145034,-49.98433539947902,-44.147021535535075,-44.146988137321216
-28.75,-inf,-29.732509905445205,-51.563817991162836,-49.91867850890855,-44.305809097338894,-44.305772340064436
-28.625,-inf,-29.27263187171225,-51.28298296547686,-49.562826122402456,-44.44250059754093,-44.442461643693996
-28.5,-inf,-29.463886486428706,-51.33521778784879,-50.228832178662174,-44.553242919236276,-44.55320355274685
-28.375,-inf,-29.327468636176807,-51.016409186578365,-50.05953088661373,-44.635028806984096,-44.634991481188166
-28.25,-inf,-29.563903208059223,-50.6704600563825,-50.19900054218614,-44.68593068121193,-44.68589852200077
-28.125,-inf,-29.934646545797836,-51.13150498069036,-50.35965459393437,-44.70533875856786,-44.705315532462954
-28.0,-inf,-30.062217699381712,-50.874364071403875,-49.95111660315751,-44.69424327590822,-44.69423330903007
-27.875,-inf,-30.34671065113088,-50.83223970336081,-49.48895180483761,-44.65545719701824,-44.65546526040182
-27.75,-inf,-30.78651268925773,-50.60048182799822,-49.61215998854486,-44.59326668230987,-44.59329787998874
-27.625,-inf,-30.993407547677702,-50.61842747970796,-49.933127162208,-44.513041165079045,-44.513100833473175
-27.5,-inf,-31.2636177946677,-50.179782773230215,-49.73020711944503,-44.42109110030452,-44.42118476131769
-27.375,-inf,-31.01582204160401,-49.9740690472651,-49.89565673482481,-44.32450841031151,-44.324641826974926
-27.25,-inf,-31.058330212670413,-50.051650632576276,-49.87064375567193,-44.23066254665012,-44.230841850011224
-27.125,-inf,-30.748597591190936,-49.67093682463344,-50.26840805063908,-44.14652295809361,-44.14675482382254
-27.0,-inf,-30.44679879060842,-49.79276907949167,-50.632445998873266,-44.07833316281736,-44.07862503896793
-26.875,-inf,-30.304483205262116,-49.67852709215518,-50.965081387481995,-44.031658796732565,-44.03201916658784
-26.75,-inf,-30.100531238827067,-49.83079225328879,-50.909846439530014,-44.01133367340199,-44.01177237387203
-26.625,-inf,-29.862127351831603,-49.846325777474846,-50.814697576906,-44.02151821975065,-44.02204685114854
-26.5,-inf,-29.678077877574644,-50.06209045166877,-50.63888459338929,-44.06577333763275,-44.06640573941954
-26.375,-inf,-29.655882590016567,-50.1897625001678,-50.13935348926822,-44.14681306020228,-44.14756580605214
-26.25,-inf,-29.3741524475185,-50.29097908435345,-50.106984705786026,-44.26662341205403,-44.26751637887274
-26.125,-inf,-29.393803017825615,-50.19647161685381,-50.03616089376155,-44.42678322677078,-44.42784026991053
-26.0,-inf,-29.268652292644436,-49.84026180474022,-49.70695801933662,-44.62817479110497,-44.62942444739135
-25.875,-inf,-29.08333724750172,-50.20959239074293,-50.07848713366626,-44.87051754745671,-44.87199367477832
-25.75,-inf,-29.380161224871124,-50.24123831243786,-50.170671737035676,-45.152017231863546,-45.15375934503771
-25.625,-inf,-29.522019162509785,-49.97570965223354,-49.99857865383277,-45.46859134011959,-45.47064411246707
-25.5,-inf,-29.46219956562103,-49.93683389148218,-50.11913529027371,-45.813370611184496,-45.815782055126746
-25.375,-inf,-29.603587461922828,-49.76467789589097,-50.10948916258763,-46.17662150104627,-46.1794392462502
-25.25,-inf,-29.57702760008038,-48.54489609699894,-50.12213272718212,-46.54504429785173,-46.54830879619858
-25.125,-inf,-29.793899107396168,-48.83805349322881,-50.166321867663555,-46.90139323721646,-46.90512723879837
-25.0,-inf,-29.979194775283705,-49.07222981081893,-50.763690243721314,-47.224852577429566,-47.229047231426705
-24.875,-inf,-30.095317039120793,-48.80288735319577,-50.76341705806734,-47.49204211729988,-47.49664187954021
-24.75,-inf,-29.962020626765753,-48.77438883719323,-50.75774175115691,-47.679951726609474,-47.68484442642979
-24.625,-inf,-30.09068779062869,-48.99296232143296,-50.70372674112414,-47.770044802512395,-47.77506434194275
-24.5,-inf,-30.36741627642197,-48.912453217659206,-50.994150496141806,-47.75145688956482,-47.75640142079476
-24.375,-inf,-30.186818230351818,-48.299934324023454,-51.09009416207782,-47.62308195753354,-47.62774398504962
-24.25,-inf,-30.153973239613237,-48.793719425754894,-50.06074679114611,-47.39378313445306,-47.39798114830588
-24.125,-inf,-29.904631658738747,-48.254276411628865,-48.94854805729307,-47.080224978666614,-47.08382482965316
-24.0,-inf,-29.638887868449846,-46.361967433879144,-47.113258659024524,-46.70370226457528,-46.70662339259904
-23.875,-inf,-29.66246595758589,-46.267438557261215,-47.039167146553,-46.28644906817796,-46.2886576144037
-23.75,-inf,-29.674164259407515,-46.01939972825558,-46.73582936096905,-45.84889936079865,-45.85039435311938
-23.625,-inf,-29.624636322983356,-45.541904346074446,-46.57704351035573,-45.40858857386689,-45.40938729220309
-23.5,-inf,-29.517973547302155,-45.43775842206432,-46.36074772482846,-44.97967047155968,-44.979796462200824
-23.375,-inf,-29.553428657348103,-45.654321517568306,-46.24585824162984,-44.57300902440341,-44.572483714522726
-23.25,-inf,-29.66028127852974,-45.63876896556472,-46.597576473923674,-44.1965132569417,-44.19535073356532
-23.125,-inf,-29.844054197285796,-45.798273639220824,-47.08710526848972,-43.85521676580141,-43.85342137634197
-23.0,-inf,-30.17595501849373,-46.480197000830415,-47.83479419374,-43.55201393656726,-43.54957934991865
-22.875,-inf,-30.20933377096594,-46.04787077066038,-46.868640071581275,-43.2887223149592,-43.285630615232584
-22.75,-inf,-30.110512622149137,-45.76771738545834,-46.52417927931671,-43.06619206816468,-43.06241346763354
-22.625,-inf,-30.086634759835018,-45.86364431060899,-46.62785214455779,-42.884399202310874,-42.879892214154665
-22.5,-inf,-30.31702551711023,-45.686453436316455,-46.48537580378328,-42.74272886593742,-42.73744020553808
-22.375,-inf,-30.614575429350886,-45.72736505057641,-46.80964893917607,-42.63984129567671,-42.63370622118077
-22.25,-inf,-30.690884157684263,-45.79971412547018,-46.756592608022096,-42.57390319383955,-42.566845804092274
-22.125,-inf,-30.361378685788083,-45.39497093663594,-46.64969643525648,-42.5430482142182,-42.534980766860436
-22.0,-inf,-30.096890280271484,-45.55918907215799,-46.75077452915136,-42.54507299767476,-42.53589629995388
-21.875,-inf,-30.108269767236298,-45.807111965768726,-47.62397668866783,-42.57694996768975,-42.566556325563205
-21.75,-inf,-30.04161244452668,-45.39772667918122,-48.241359281845895,-42.63486692340756,-42.62314457698102
-21.625,-inf,-29.92786236306508,-45.53699762462042,-48.09649798196621,-42.71413771077701,-42.70097791749166
-21.5,-inf,-29.50034960895714,-44.85923493006936,-47.933212725116704,-42.809349677268635,-42.794656059564666
-21.375,-inf,-29.239764028219213,-44.728315431214796,-47.31866217360018,-42.914932374823195,-42.89862996471709
-21.25,-inf,-29.272105360356765,-44.633149815442145,-47.16455953331749,-43.02519231444742,-43.007238166502205
-21.125,-inf,-29.64648279768193,-44.60610524742894,-47.15826998151642,-43.13428116802609,-43.11467646531312
-21.0,-inf,-29.714117625345043,-44.707790571529394,-47.42929948890484,-43.236582753279144,-43.21538293670278
-20.875,-inf,-29.450829824379205,-44.4872606921382,-47.36020951441336,-43.32712642585126,-43.30444780392516
-20.75,-inf,-29.552601085953153,-44.72244516733893,-47.03014097888672,-43.40191737590101,-43.37793809025992
-20.625,-inf,-29.776388054770795,-44.786718803515996,-47.310203508437255,-43.45818259285805,-43.433136316099834
-20.5,-inf,-29.81267399666203,-45.12405237049998,-47.38058509198659,-43.49413945719838,-43.468306388862686
-20.375,-inf,-29.790441278293827,-45.068367716255615,-47.046847523185626,-43.50858302393142,-43.48228129730988
-20.25,-inf,-29.42611709849334,-44.64925037210249,-46.76874592377911,-43.50100021072229,-43.4745743189486
-20.125,-inf,-29.28521348586237,-44.64098684761045,-46.44815320787745,-43.47192189183998,-43.445728441723375
-20.0,-inf,-29.392932390655698,-44.8060441906282,-46.576901115587184,-43.42303569896203,-43.39742772632129
-19.875,-inf,-29.638977903140894,-45.105988816200735,-46.591031135806105,-43.35692591577594,-43.33223766584297
-19.75,-inf,-29.859335508053046,-45.567828020047315,-47.072530572936756,-43.27695678209763,-43.25349265342851
-19.625,-inf,-29.860557173978574,-45.262748614592596,-46.86303147122538,-43.18719755937145,-43.16522593474222
-19.5,-inf,-30.05978033756975,-45.42576534454723,-46.70925182473234,-43.09229598121992,-43.07204581685341
-19.375,-inf,-29.982081793334444,-45.166281982844296,-47.0382318417635,-42.9975653596027,-42.97922495294574
-19.25,-inf,-30.063237780613804,-44.29929468240455,-46.77457621640704,-42.908546996084915,-42.89226723113554
-19.125,-inf,-30.086163879195787,-44.036470098082646,-47.000112602027556,-42.8301896054142,-42.81609044447343
-19.0,-inf,-29.879131556627048,-43.50482690662628,-46.28785026787249,-42.766827376964905,-42.75500551683747
-18.875,-inf,-29.496947328482737,-43.14743778355027,-46.10569861999306,-42.722588159286104,-42.713125542986774
-18.75,-inf,-28.7587517745224,-42.64214240098912,-46.008243362770294,-42.70129418920092,-42.69426551034851
-18.625,-inf,-28.817799294048733,-42.69683379883925,-46.02656489684289,-42.706583910065675,-42.70206251505503
-18.5,-inf,-28.669525906475343,-42.49446066217432,-46.27823973356129,-42.741915514054945,-42.739979758006186
-18.375,-inf,-28.985239814357115,-42.4645399412631,-45.69895032788104,-42.80998739153824,-42.81072671664684
-18.25,-inf,-28.85426623350996,-42.796103931394576,-45.84120511276762,-42.91291402594564,-42.91643383376065
-18.125,-inf,-28.870069508478686,-43.0600522910121,-45.91701183280315,-43.05264940094732,-43.05907667070394
-18.0,-inf,-28.97894415310427,-43.06756364691013,-46.48747434939895,-43.23068917052737,-43.24017594008036
-17.875,-inf,-29.213825824458397,-43.09835486032312,-46.327976599843616,-43.44780610857414,-43.46052763983053
-17.75,-inf,-29.915857860856946,-43.22927057021187,-45.94350186828151,-43.70380316524734,-43.71995240164921
-17.625,-inf,-29.873994065169143,-42.98507708362833,-45.72537967514538,-43.996808550529856,-44.01658284462727
-17.5,-inf,-30.05549076889941,-42.73970437596637,-45.22944045466431,-44.32321956079623,-44.34679718711664
-17.375,-inf,-29.476200998072585,-42.48989738932758,-45.846147248473095,-44.67821447707837,-44.7057236775936
-17.25,-inf,-29.943034412800497,-42.840204406448414,-46.27498224268087,-45.0554701658882,-45.08694409561281
-17.125,-inf,-29.970436021153475,-42.654848981333686,-46.018509217128205,-45.447074797302335,-45.48238946625616
-17.0,-inf,-30.189938623554838,-42.63207267491933,-45.774799738163345,-45.84349996627524,-45.88230129770244
-16.875,-inf,-30.42754788242869,-42.80115257820513,-46.12481795007155,-46.233069550826336,-46.27469546414568
-16.75,-inf,-30.58153368968721,-42.846156535725974,-46.25283067639377,-46.60259290306911,-46.646010791885864
-16.625,-inf,-30.439396350850657,-42.880606540926074,-46.11099343872485,-46.93855358435321,-46.982342820302534
-16.5,-inf,-30.426902781428765,-43.018258514875356,-46.43938552377379,-47.22743347077856,-47.269828063317696
-16.375,-inf,-31.17903034888572,-43.01878512465822,-45.80586588702011,-47.45641045770425,-47.49541661903909
-16.25,-inf,-31.26248283058586,-43.17675620894023,-45.84992623925323,-47.61484284579674,-47.64844474698053
-16.125,-inf,-31.224503001779503,-43.03418728405278,-45.39142577135692,-47.69580560252085,-47.72223174448243
-16.0,-inf,-31.036832894823338,-42.87581791454543,-45.20746024652038,-47.698136846599226,-47.7161167583814
-15.875,-inf,-30.95096788298982,-42.63159997990218,-44.70208659195076,-47.627256392266865,-47.636178162642835
-15.75,-inf,-30.556467115994078,-42.26118781881773,-44.79696498218685,-47.49405083140331,-47.493974368577014
-15.625,-inf,-30.733074217104015,-42.13739131851581,-44.7426696264091,-47.31327765208405,-47.30482084820779
-15.5,-inf,-30.690818412933574,-42.08717916683944,-44.65524409789311,-47.101560501306906,-47.085718060744185
-15.375,-inf,-30.297146878417912,-41.40843206569595,-44.23084187025018,-46.87559346677139,-46.85355556628573
-15.25,-inf,-30.240309665479682,-41.01271067789273,-43.66318447758857,-46.650624418665885,-46.62363057628133
-15.125,-inf,-30.407301732246083,-41.2877656750408,-44.09368711461706,-46.43898127959632,-46.40822781158164
-15.0,-inf,-30.256630000147126,-40.80362465036359,-43.7982273509168,-46.250046393492084,-46.21664624624222
-14.875,-inf,-30.09486280946355,-40.16869484206035,-43.070503243647586,-46.091270168102525,-46.056245279945365
-14.75,-inf,-29.998547422736355,-39.88717605355261,-42.544117199434496,-45.968337146491294,-45.93263203804927
-14.625,-inf,-29.80594257399446,-39.466536294072355,-42.1700416703355,-45.88549404618703,-45.85000221761015
-14.5,-inf,-29.84119596225552,-39.506863358453,-42.24690671345009,-45.845926883807905,-45.81152302295869
-14.375,-inf,-30.13407134634437,-39.62880737907917,-42.33057814570478,-45.851313615503166,-45.81889136928047
-14.25,-inf,-29.88540043536315,-38.5253272407998,-41.494811133973286,-45.90217325023122,-45.87268460980745
-14.125,-inf,-29.64972056180185,-38.2228831952914,-41.19117116705574,-45.998570033110624,-45.97306576589826
-14.0,-inf,-29.58504142462715,-38.36789078332492,-41.06731941715601,-46.13959616229757,-46.119268080756584
-13.875,-inf,-29.780992458458627,-38.52391300047897,-41.37859899642667,-46.32259909618439,-46.30881693455996
-13.75,-inf,-30.132778231948755,-38.506835303887684,-41.35373542328196,-46.542767896784234,-46.53710131409372
-13.625,-inf,-30.4693392914836,-38.820748987532994,-41.523747539695535,-46.79219812399215,-46.79640328565222
-13.5,-inf,-30.489294765525496,-38.34879678055027,-40.833298426421436,-47.05962956643384,-47.07557427673202
-13.375,-inf,-30.288714839182944,-37.9288660965014,-40.75328716465219,-47.33116233751937,-47.36067408528868
-13.25,-inf,-30.55394960132963,-38.891979293119604,-41.59351008821769,-47.59017624828899,-47.63478575343185
-13.125,-inf,-30.709524839923873,-38.91097076413547,-41.5410406716364,-47.817741512966606,-47.878319588104155
-13.0,-inf,-31.04410734905842,-38.89084692802776,-41.69462118972076,-47.99430844421816,-48.0706621325605
-12.875,-inf,-31.164859001213276,-38.74984047593576,-41.58059266499495,-48.10200606484163,-48.192557043009714
-12.75,-inf,-30.835281690480013,-38.76551659187561,-41.70693102351265,-48.12775513120702,-48.22947862062244
-12.625,-inf,-30.78072070590205,-38.3648762144741,-41.52802013473639,-48.065812531281615,-48.17454869487725
-12.5,-inf,-30.748422070597883,-38.38173836644077,-41.88327696747222,-47.91796634154239,-48.029008596573206
-12.375,-inf,-30.955230752204166,-38.94876266744531,-41.968933813218044,-47.69221079758262,-47.80096787831497
-12.25,-inf,-31.008242375318005,-38.70318526200313,-41.39206850791949,-47.4011983157127,-47.50375337176678
-12.125,-inf,-30.78963754485788,-38.079055269566076,-40.67266854688333,-47.06054845820526,-47.15398837818771
-12.0,-inf,-30.515113988244526,-37.61634030685363,-40.09455323057747,-46.68687541804889,-46.76936649889518
-11.875,-inf,-29.967115251393295,-37.22044619955231,-39.536677179394225,-46.2956952771508,-46.36636416208724
-11.75,-inf,-30.08645839318654,-37.13635351866947,-39.23758545042399,-45.900566453903764,-45.959287145355816
-11.625,-inf,-29.465952254392956,-36.890771057282855,-38.92802416956934,-45.51298643326344,-45.560156469442234
-11.5,-inf,-29.50557059185369,-36.980278174991746,-38.96052566853339,-45.14235495015646,-45.17870305844803
-11.375,-inf,-29.296695562260705,-36.740675212535756,-38.68942295660875,-44.79636753658298,-44.8228084432365
-11.25,-inf,-29.20877875530367,-36.44436438380454,-38.473299074834834,-44.48098883691287,-44.49851884379949
-11.125,-inf,-29.100182549550667,-36.36994769705107,-38.569815622909616,-44.2000476854189,-44.209674533233425
-11.0,-inf,-29.197498121758983,-36.46532919835186,-38.67236243531595,-43.95585792676482,-43.95856523107798
-10.875,-inf,-29.27486968793638,-36.50720185499315,-38.791249203755925,-43.75017580173026,-43.7469122258598
-10.75,-inf,-29.19845611932798,-36.371470472118006,-38.23834136545122,-43.58418042624479,-43.57585966939701
-10.625,-inf,-29.894234409290124,-36.69850902925279,-38.48088366608189,-43.45858766234173,-43.446097420984835
-10.5,-inf,-29.959026528828616,-36.57353068721893,-38.31314945905635,-43.37377853871102,-43.35799884575013
-10.375,-inf,-30.118892650137163,-36.553004077111126,-38.27351129945995,-43.329365428867106,-43.31119387046647
-10.25,-inf,-30.10873714640306,-36.50947655723904,-38.27276938359083,-43.324423734214584,-43.30480801435958
-10.125,-inf,-30.141956852015262,-36.554128362832564,-38.288356285994965,-43.3579849530744,-43.337963572856786
-10.0,-inf,-30.293608112682385,-36.59172266157939,-38.383239454633376,-43.42865863604168,-43.409405368086176
-9.875,-inf,-30.13511082553213,-36.16992827051953,-37.949769273271784,-43.534119035298566,-43.5169908533055
-9.75,-inf,-29.935217442914364,-35.70271444565557,-37.884055602943235,-43.6709629101357,-43.6575527042362
-9.625,-inf,-29.87112170193543,-35.52372518347178,-37.41538416381835,-43.8342929285166,-43.82647803384646
-9.5,-inf,-29.864997139268475,-35.38718477238313,-37.264047628102766,-44.01778010626564,-44.01775981507201
-9.375,-inf,-29.647623374384203,-35.047011484435025,-37.04446833635529,-44.2143526134916,-44.224670389001126
-9.25,-inf,-29.544298393932728,-34.67587902059149,-36.703781243591095,-44.416166592420716,-44.43969953578582
-9.125,-inf,-29.788874086692154,-34.63552084220282,-36.60534514640289,-44.61459142208839,-44.654493332509006
-9.0,-inf,-29.781114929054414,-34.608518350242456,-36.47141857842922,-44.800692011404806,-44.860278066024854
-8.875,-inf,-30.113436810770086,-34.73593956220971,-36.699592731994315,-44.96571737609722,-45.0482756221312
-8.75,-inf,-30.54410291586994,-35.0730254917983,-37.02443943734044,-45.10197175835485,-45.210526583736666
-8.625,-inf,-30.281403414221817,-34.81931712459719,-36.38130490795749,-45.20380144457944,-45.340873107338034
-8.5,-inf,-30.464392265293515,-34.78158231587797,-35.59628454890423,-45.26760669659698,-45.434968875349064
-8.375,-inf,-30.234470401143035,-34.39126372394349,-34.67838349276149,-45.291374313277196,-45.489815015777694
-8.25,-inf,-30.261391792643305,-34.502640380539134,-34.358403019197624,-45.274868734796804,-45.50400740626352
-8.125,-inf,-30.052203627210282,-34.101209474236754,-33.62554676464184,-45.2198762391901,-45.478065362924525
-8.0,-inf,-29.961631827892816,-33.82781232959835,-33.35242290587487,-45.13026461672239,-45.41461902045462
-7.875,-inf,-29.70545997544137,-33.30376482117247,-32.86275979962358,-45.01169948086356,-45.31825114519873
-7.75,-inf,-29.68188314498059,-33.19603703023566,-32.71121953693303,-44.870983041573524,-45.194867447251966
-7.625,-inf,-29.53288521406013,-32.796394783607134,-32.524607183846214,-44.71542367578969,-45.05105683445606
-7.5,-inf,-28.859359907202496,-32.35137657742562,-32.461118968839166,-44.55234944662648,-44.893757642373856
-7.375,-inf,-29.315169405366596,-32.654742198782415,-32.67467074322301,-44.388805869046536,-44.73015021405463
-7.25,-inf,-29.365162846485063,-32.683450377535536,-32.49150278754046,-44.230938720174265,-44.56698961955098
-7.125,-inf,-29.601254742517654,-32.91478876259428,-32.77988832370214,-44.08314303410464,-44.40965908087256
-7.0,-inf,-29.528663881759222,-32.715706288934186,-32.375866832671186,-43.94799308024788,-44.26185266636337
-6.875,-inf,-29.800760187679415,-32.963392675266135,-32.27055256399289,-43.82658288139791,-44.12553765565471
-6.75,-inf,-29.705799954397506,-32.911048086127124,-32.190964060628374,-43.71822043593389,-44.000440142864335
-6.625,-inf,-29.67935611491275,-32.800877905556625,-32.12330239000089,-43.62006109443601,-43.88336608077396
-6.5,-inf,-29.956266633461016,-33.09481891275682,-32.200109551012545,-43.5276441079085,-43.76790246320787
-6.375,-inf,-29.799167696622902,-33.060784395519725,-32.39543502728927,-43.43618521674298,-43.64545172838479
-6.25,-inf,-29.77119354574149,-32.881524174058214,-32.64970272072556,-43.34277950464851,-43.508453680436894
-6.125,-inf,-29.736118777084922,-32.924225822176595,-32.767830151070605,-43.25047752929911,-43.356162729516576
-6.0,-inf,-29.94646553896088,-33.24223329128051,-33.356433684952805,-43.17015519807002,-43.1986185170458
-5.875,-inf,-29.9572657149023,-33.47020591801674,-33.88164323110487,-43.11837203313697,-43.055849009493386
-5.75,-inf,-29.823891427311175,-33.2950162985966,-33.78583437623576,-43.1148358466174,-42.956541278942595
-5.625,-inf,-30.08152856240723,-33.56829968476335,-34.17948902886385,-43.17151285894354,-42.93023598746183
-5.5,-inf,-29.989974983161506,-33.14031930112285,-33.64307609069264,-43.262095859358965,-42.981272105232826
-5.375,-inf,-30.117596673651885,-33.24105850825057,-33.7532210634603,-43.28808839123967,-43.05683018363547
-5.25,-inf,-30.25077175064358,-33.075407878393335,-33.31877472505259,-43.079883280238356,-43.03046241837741
-5.125,-inf,-29.776052135083827,-32.487964796574076,-32.85671119368919,-42.495845691892015,-42.74471745474954
-5.0,-inf,-29.363848322152553,-31.942441938402226,-32.43257031381026,-41.560094905316014,-42.12849558281739
-4.875,-inf,-29.327315114256773,-31.53351373298954,-32.042758670529054,-40.44205821785965,-41.2597163885423
-4.75,-inf,-29.57431852920569,-31.65218038150046,-32.10363933958398,-39.348866075707114,-40.32332608112482
-4.625,-inf,-29.57937597545928,-31.797389715650304,-32.1909962587397,-38.45077978656443,-39.516392524474185
-4.5,-inf,-29.679629098564554,-31.827970998949915,-32.48946935753777,-37.83942668848263,-38.960230510378004
-4.375,-inf,-29.549175872583948,-31.50757696793245,-32.160394502986335,-37.5318951578184,-38.681485317587104
-4.25,-inf,-29.573697429699088,-31.637649155310058,-32.50619174242147,-37.48586243075179,-38.621421350341066
-4.125,-inf,-29.81483543222669,-31.79727706325213,-32.69873032425635,-37.59517382752089,-38.63606174016014
-4.0,-inf,-30.151028972309387,-32.212545905706,-33.00976573580125,-37.715961381851805,-38.55014661835287
-3.875,-inf,-30.17584731587351,-32.40943796712765,-33.204152316582395,-37.714553768676794,-38.24603173199854
-3.75,-inf,-29.937504496551167,-32.144765575696304,-32.53135271585947,-37.55828760369903,-37.77131534622379
-3.625,-inf,-29.84712799910048,-32.102085224434276,-32.50830216045115,-37.384507446553584,-37.34293717786027
-3.5,-inf,-30.076011159554582,-31.723077976750357,-31.64533260094594,-37.36407328828405,-37.1489603631125
-3.375,-inf,-30.35656966521586,-32.04832773481664,-31.921663911969343,-37.50260321193579,-37.1821828423259
-3.25,-inf,-30.017118046129085,-31.63862437958242,-31.508364686956863,-37.532161854955135,-37.17251443400478
-3.125,-inf,-30.378487395115712,-31.96582822361698,-31.65059354950283,-37.084786780501425,-36.74206798518708
-3.0,-inf,-30.571396245842042,-31.965950797922975,-31.53800995771855,-36.1857137992638,-35.8660599775676
-2.875,-inf,-30.580224442253776,-32.05381306044627,-31.577664171682315,-35.176691452716184,-34.84623588486062
-2.75,-inf,-30.64839162669609,-32.111960959866195,-31.992271627243447,-34.41154235489391,-34.03011583710135
-2.625,-inf,-30.504813034844254,-31.946478951684885,-31.67767663519588,-34.114345376481076,-33.65209487600428
-2.5,-inf,-30.59751806211626,-32.57368851547041,-32.12601864388639,-34.21766775941254,-33.679412482496744
-2.375,-inf,-30.386972110158634,-32.4359750905389,-32.00640057729845,-34.261152624186664,-33.74675478197391
-2.25,-inf,-30.782096675183766,-32.95818464037689,-32.3945077834736,-33.73878911396998,-33.42530497974225
-2.125,-inf,-30.211178373630023,-32.066019307169,-31.436427232125798,-33.101038870514536,-33.04228963625265
-2.0,-inf,-30.159526802584615,-32.059141281203395,-31.33347018863795,-33.1186427860256,-33.26653966099643
-1.875,-inf,-30.01390254120774,-31.870815690844406,-31.159892048533578,-33.69696134104058,-33.93504137249667
-1.75,-inf,-29.763816334554964,-31.332699560271475,-30.619483024891586,-33.546890020872425,-33.51746633276488
-1.625,-inf,-29.829759957123088,-31.343882077621412,-30.735386358846732,-31.32408700344248,-30.92333532673043
-1.5,-inf,-29.710520080544413,-31.057632008024903,-30.492879559852906,-29.110278251761734,-28.580924491682357
-1.375,-inf,-29.760491894435468,-30.669863190666952,-29.520828176876762,-28.855952338408603,-28.24287245593103
-1.25,-inf,-29.537923480216328,-30.501685024783647,-29.478631355032988,-28.037357469188485,-27.631752877352245
-1.125,-inf,-29.805497924361823,-30.819442027480996,-29.956878025196268,-27.99984569930905,-27.622988879217974
-1.0,-inf,-29.7504640860683,-29.84811232318288,-28.256488654955966,-25.81614277474925,-25.305090640086153
-0.875,-inf,-29.934828109731324,-29.78001269529714,-28.332376406226302,-24.374893902654314,-23.886633521643542
-0.75,-inf,-30.352429021162717,-26.569450865952792,-23.09278070215248,-24.33749696217962,-23.89400895367622
-0.625,-inf,-30.428303832930304,-26.11105407588264,-22.570358480795896,-23.708792761233006,-23.424392521482247
-0.5,-inf,-30.499559805541523,-24.70253667139837,-20.945675736085025,-23.693889559397473,-23.47006619154041
-0.375,-3.4417240671049134,-3.4746002532174716,-6.703023692269805,-8.439673209899288,-4.617930688475775,-4.623209914240231
-0.25,-2.6124425703918663,-2.6605325355510834,-5.9900970356508765,-7.86859621373363,-3.853459224454726,-3.8679633055357154
-0.125,-1.4546096964519761,-1.5056561818157679,-4.7297024910257495,-6.555699294196459,-2.667449287471015,-2.701339145307365
0.0,-0.03641177446184812,-0.04998179325033405,-3.0477206045352507,-4.6575952048486275,-1.6587529893931199,-1.7103797440829176
0.125,-0.019881234197151376,-0.03091091981213778,-3.0362080849160265,-4.651812019254872,-1.6589753964185048,-1.7132775598361838
0.25,-0.01909321783250314,-0.030076129339139487,-3.0440430728825407,-4.685915879687805,-1.6560127393910888,-1.708484981026034
0.375,-0.0023957901904793698,-0.01393065400556744,-3.0058317581862863,-4.5997467741797085,-1.584004950267465,-1.6273454042090818
0.5,-9.643274665532871e-16,-0.012151672044816847,-3.013253995326007,-4.632217244785569,-1.5825108390586107,-1.623800693203071
0.625,-2.617316603654736,-2.6049396337998463,-5.385625060010964,-6.802725655141533,-4.513583204266927,-4.588597087332735
0.75,-3.3984427701394653,-3.3560769336981093,-5.93922522260851,-7.163698327765607,-5.3907406775874245,-5.474167219262725
0.875,-5.2719302812279984,-5.1819965503739684,-7.591855107992673,-8.59779407800206,-7.927994698870794,-8.007676778567326
1.0,-16.71871365391194,-16.485052088704585,-18.139963247465758,-17.656865565801546,-16.58610915164917,-16.499940596732486
1.125,-17.565377837370434,-17.421559382814557,-18.543492111889115,-17.77177197968389,-16.479711219604134,-16.36073902658124
1.25,-17.59710630888066,-17.451472879259363,-18.623143087223937,-17.934236511345848,-16.551877299286446,-16.486423819775826
1.375,-18.592363328154057,-18.375909511944506,-20.34343048627384,-20.591250014196113,-20.086100653894114,-20.52229991146454
1.5,-18.681137782373753,-18.396208035236956,-20.312643306538707,-20.50749084019122,-20.397130385497178,-21.039934987422235
1.625,-18.704239904529288,-18.430726312477177,-20.316818298431897,-20.515127620575214,-20.39889806817171,-20.948022723013374
1.75,-20.794832240578533,-20.5176601179674,-22.33774862014991,-22.527944847123482,-21.436994997912066,-21.784463845170656
1.875,-29.46879966330573,-26.49635627136557,-27.811334638952133,-27.03449466242062,-22.370007402146584,-22.50777802507518
2.0,-32.14868404857321,-28.033192665699346,-29.60970618367854,-28.748838389137923,-25.93903531003553,-25.58405015437524
2.125,-32.22859651494569,-28.025711524278634,-29.648242371162183,-28.823764498555807,-29.59429253364381,-28.20370851730778
2.25,-32.63221877106106,-28.20635451160657,-30.111897868866734,-29.790061804339246,-29.506120335689843,-27.813241747186993
2.375,-35.65900197995338,-28.96558618692797,-30.7726185428887,-29.95399236317266,-28.16148239992533,-26.595878539823516
2.5,-inf,-30.209962190054178,-31.53639726822895,-30.470377992357758,-27.11754945813702,-25.671061436511692
2.625,-inf,-30.210081116053303,-31.330316921014063,-29.938396479700277,-26.510924422601168,-25.137597486053874
2.75,-inf,-30.303975243399673,-31.462641076937533,-30.538257843043418,-26.062549149441104,-24.736439088877372
2.875,-inf,-30.465946845060017,-31.474153014720176,-30.5930498761353,-25.806285504056422,-24.503560616624178
3.0,-inf,-30.707783002225995,-31.699349222669394,-30.52718570634417,-25.67638098659513,-24.393293292229565
3.125,-inf,-30.662505263386137,-31.55106265437942,-30.4606999377579,-25.704034594455628,-24.441434285972726
3.25,-inf,-30.075270285021986,-31.121070794601376,-30.043150376375728,-26.079363378979828,-24.830854054092406
3.375,-inf,-30.272046466012192,-31.23688359496708,-30.20643231757594,-26.890912336180165,-25.63102556646807
3.5,-inf,-30.263681191085055,-31.56060290940042,-30.561678886341962,-28.043684697814406,-26.75675322077724
3.625,-inf,-30.28215653632386,-31.927963423355624,-31.14745584088009,-29.581679563095186,-28.253152025628808
3.75,-inf,-30.19317172106241,-32.187431849442305,-31.406247980333397,-31.49145822052043,-30.13105140446787
3.875,-inf,-30.13699128263351,-32.20377019573264,-31.477902025546058,-33.71973734888056,-32.397300416554984
4.0,-inf,-30.24752232212357,-32.41531857848837,-31.866222187618014,-36.30554316394981,-35.227811548327054
4.125,-inf,-30.205385021646677,-32.34848654742415,-31.549694024816098,-38.522083575999694,-38.224065752236896
4.25,-inf,-30.48380093834418,-32.7906717326257,-31.86337322756391,-39.32000845176242,-39.96766525133194
4.375,-inf,-30.44052221129805,-32.66430193757624,-31.657750036593914,-39.345171648189265,-40.29679082899322
4.5,-inf,-30.079451962648474,-32.33249399024591,-31.350431062152214,-39.2619184057216,-40.142745346821854
4.625,-inf,-29.90868667311158,-32.200081095001366,-31.242817764403192,-39.13878666837659,-39.919523454261686
4.75,-inf,-30.090610614150396,-32.2328720425549,-31.365894162929123,-38.92812766307636,-39.6358050381249
4.875,-inf,-30.07275088160652,-32.36016477367544,-31.441677999605943,-38.74544924842779,-39.325857365925515
5.0,-inf,-29.53444110351264,-31.99410523085652,-30.80169207428474,-38.634279596729314,-38.98720354077056
5.125,-inf,-29.688572441746565,-32.42461306399659,-31.185987581202248,-38.644557608421174,-38.67546357621392
5.25,-inf,-30.007093144008667,-32.35295885021884,-30.93731726406556,-38.834389002436836,-38.453811391586875
5.375,-inf,-29.892612693024564,-32.37868864403161,-30.775241184853755,-39.19981194032029,-38.27928187871794
5.5,-inf,-30.0787198094382,-32.813159853429006,-30.865669599695778,-39.675211721010626,-38.041105295635056
5.625,-inf,-29.97738528972967,-32.71562719328349,-30.806423429429902,-40.01941481845566,-37.653876495587156
5.75,-inf,-29.70641273182547,-32.75479870887962,-30.649698875244592,-39.925046942863744,-37.12432994922838
5.875,-inf,-29.337300228738332,-32.52295815945826,-30.401011047183676,-39.322669306915124,-36.505266419181154
6.0,-inf,-29.93784864367182,-33.15716970698464,-31.085992762615287,-38.33938960791035,-35.83511467231046
6.125,-inf,-29.615897954632015,-32.61130850547008,-30.80325195290222,-37.143645226869445,-35.134734723373654
6.25,-inf,-29.318629985070128,-32.51370849393488,-30.73213679713858,-35.885014876199435,-34.41663110638398
6.375,-inf,-29.40814708514452,-32.74832686611266,-31.050129390191348,-34.71572606985084,-33.74372774852586
6.5,-inf,-29.627082354086465,-32.97558681033274,-31.193963963267226,-33.73398271218602,-33.18506969284745
6.625,-inf,-29.42924198456017,-32.956086167189675,-31.029257722315062,-32.95695816325868,-32.75186131260629
6.75,-inf,-29.790239965115166,-33.05398375483851,-31.013661236469385,-32.38021526251624,-32.4421831215263
6.875,-inf,-29.64457665288929,-32.63434842515282,-30.58321525154222,-31.999676885112027,-32.26631876718366
7.0,-inf,-29.343848339783648,-32.27274351481381,-30.02338318382609,-31.809172767809073,-32.232144507101765
7.125,-inf,-29.449751659536897,-32.39183776667553,-30.025405213021127,-31.8213497798782,-32.35978430963354
7.25,-inf,-29.386455121091043,-32.507870167325095,-30.156325290930745,-32.058399115208495,-32.67713308161375
7.375,-inf,-29.2857427807885,-32.40477297796688,-30.14782594557075,-32.522087233849895,-33.188995933252734
7.5,-inf,-29.191642797944503,-32.25297470640908,-30.194054226121445,-33.19932622851378,-33.88278674157845
7.625,-inf,-29.43185438476235,-32.43561704267583,-30.236322043184973,-34.08173864370744,-34.75433428010754
7.75,-inf,-28.901575996846404,-32.1524678267955,-30.055241326553144,-35.15678564729662,-35.799157132164595
7.875,-inf,-29.202291934300696,-32.614253440993004,-30.445056444604898,-36.416902258526406,-37.014140660933556
8.0,-inf,-29.504741820127308,-32.99705743059945,-30.77765751484277,-37.855614820926306,-38.394760077639994
8.125,-inf,-29.554569664554897,-33.20361144827603,-30.800053496150454,-39.384384520188036,-39.8650896961722
8.25,-inf,-29.678744971828543,-33.452381944523665,-30.906953019802287,-40.78342942736414,-41.22899124562113
8.375,-inf,-29.742267080461637,-33.649978448497954,-30.80688506351494,-41.75504377130196,-42.20498123249135
8.5,-inf,-29.735262547668206,-33.690624168924245,-30.740061010776518,-42.07147086499318,-42.54621355122655
8.625,-inf,-30.014635485126504,-34.018535553167666,-31.072497243432096,-41.74748188110453,-42.22516271581228
8.75,-inf,-30.51628078031486,-34.46757947189201,-31.338731014157133,-41.0112359754799,-41.46085471484891
8.875,-inf,-30.578043704103244,-34.69844468239308,-31.347056855337378,-40.12709645809777,-40.53374082247225
9.0,-inf,-30.388300776652045,-34.59892517326889,-31.325327877425764,-39.28203075857724,-39.63996274889264
9.125,-inf,-30.279452956906287,-34.63233800521371,-31.45718908331486,-38.56787576893143,-38.87278994888446
9.25,-inf,-30.444045807600485,-35.034486472097846,-31.573278476314663,-38.015650608572,-38.263135589196125
9.375,-inf,-30.391433907517587,-35.04302993962811,-31.489316673948725,-37.62030802675577,-37.80883873941021
9.5,-inf,-30.41451805385229,-35.18891871995498,-31.501725483944686,-37.36278377882015,-37.49523665229495
9.625,-inf,-30.138319220640504,-34.9578842563392,-31.0478619216575,-37.24082200683434,-37.319033061863614
9.75,-inf,-30.037943792770385,-34.895144124303265,-31.099387072808597,-37.259304343540414,-37.281794538855955
9.875,-inf,-30.18550915272435,-35.07860417269457,-31.424851847962138,-37.408166635960846,-37.374874326009866
10.0,-inf,-30.195716048876218,-35.321821375676734,-31.5041556096574,-37.66919852986357,-37.584997595831496
10.125,-inf,-30.346634788890906,-35.65622359053251,-31.483692421905797,-38.02126636327721,-37.89803685490144
10.25,-inf,-29.747554655546654,-34.822948513644214,-31.11987545711553,-38.44017541651609,-38.29807322711632
10.375,-inf,-29.648978730952102,-34.85034925914365,-31.149925264082867,-38.91792352105443,-38.778638553704255
10.5,-inf,-29.783286056857378,-35.011401731282106,-31.21734239292185,-39.461855028299354,-39.3418961551772
10.625,-inf,-29.734819162887906,-35.36279854658881,-31.456062193318886,-40.068800043545124,-39.98185721242662
10.75,-inf,-29.71662452637034,-35.29200418972388,-31.103771772084055,-40.72931371108928,-40.686732089228755
10.875,-inf,-29.706454904314363,-35.37484311847014,-31.12171114474904,-41.43229327361554,-41.4426668050848
11.0,-inf,-29.681379001850186,-35.30629520070709,-31.20397969415572,-42.15767782901277,-42.22850496867938
11.125,-inf,-29.470067181828018,-35.50534608985992,-31.07880132952316,-42.89417139776432,-43.025852939046516
11.25,-inf,-29.73824281310999,-36.30868064808994,-31.27881804290869,-43.638796270817465,-43.82050937201952
11.375,-inf,-29.853615752641854,-36.59925160090306,-31.31459618946369,-44.37761430431709,-44.592977103895436
11.5,-inf,-29.98909191371866,-36.985191922101166,-31.497758056641814,-45.09273053829526,-45.32442753879759
11.625,-inf,-30.146964414954724,-37.113464370105774,-31.600520291124127,-45.76733996891063,-46.00079552991322
11.75,-inf,-30.325047397794165,-37.8854764528283,-31.939342871974226,-46.38348301032696,-46.610310307373524
11.875,-inf,-30.334168976910526,-37.83235557354516,-31.84581988920896,-46.93234519801699,-47.14504216833305
12.0,-inf,-30.566977548351993,-38.01403129448935,-32.06441024667802,-47.409090204989,-47.598515832111026
12.125,-inf,-30.932952741706167,-38.07420652975122,-32.148461337300816,-47.79618175287545,-47.96013491151831
12.25,-inf,-31.179164037502872,-38.511853510933875,-32.20197870811401,-48.066115858799066,-48.215268394108406
12.375,-inf,-31.01880455064652,-38.01278826496355,-32.10029748926398,-48.19044300376271,-48.349241161490546
12.5,-inf,-30.64959785974745,-37.87623682831514,-31.666141894693162,-48.15405426301628,-48.35521875191291
12.625,-inf,-30.400537455394094,-37.771607235828455,-31.462687198746742,-47.974551173046336,-48.24497686258593
12.75,-inf,-30.2743807956664,-37.58014454694151,-31.42882392328094,-47.69336269514737,-48.045676604843166
12.875,-inf,-29.827907783834988,-37.03230253564711,-31.090745844956547,-47.35594768678217,-47.787736045894434
13.0,-inf,-29.35113654640556,-37.13597921692562,-30.587033168256465,-47.00192807947387,-47.497507494182436
13.125,-inf,-29.180334729029017,-37.152642979246075,-30.452349319719943,-46.66365234157621,-47.19834718668512
13.25,-inf,-28.936890001230225,-36.65870727613745,-30.28581096335433,-46.36640275038321,-46.911407848014974
13.375,-inf,-29.042551864220613,-37.27954664652036,-30.365422500356217,-46.12776217216816,-46.65600468011556
13.5,-inf,-29.171951906724857,-37.361647356069994,-30.522362602843593,-45.95793331831609,-46.448457251308696
13.625,-inf,-29.420129248372035,-37.61024849103767,-30.59860396113606,-45.85852840840776,-46.2962465034958
13.75,-inf,-29.23978552577392,-37.78999556310084,-30.519637519530214,-45.825353621730855,-46.200233927657344
13.875,-inf,-29.371861171100694,-38.275614944627435,-30.58327813264382,-45.85304155268307,-46.1592751469813
14.0,-inf,-29.737059099558163,-38.13665329167637,-30.906580891751165,-45.93345360039308,-46.16886202729107
14.125,-inf,-29.9119023051472,-38.2957723375203,-31.159830446564655,-46.05051771512773,-46.218261032393286
14.25,-inf,-30.244927041513428,-39.1762365309122,-31.337984159013985,-46.18035712413227,-46.2896280423914
14.375,-inf,-29.924207230288342,-38.634159682405965,-31.142778917067744,-46.29464218169992,-46.358462283166205
14.5,-inf,-29.85353907171055,-38.791670830307496,-31.1004931370077,-46.36607556513948,-46.398801887985414
14.625,-inf,-29.696778210298206,-38.824923501629385,-31.05576845226286,-46.37723418261571,-46.39296329096982
14.75,-inf,-29.728422707683002,-39.156878989758155,-31.070822978144754,-46.32281550794598,-46.33372128582954
14.875,-inf,-29.816304053564664,-39.70526214892427,-31.131444175202667,-46.205916588019704,-46.22146664339059
15.0,-inf,-29.654117049491816,-40.18110497671194,-30.995205242563642,-46.0378641555065,-46.063910759478446
15.125,-inf,-29.27073394858739,-40.24115165201165,-30.49623912798222,-45.839449871098964,-45.87674521454805
15.25,-inf,-29.522051801243613,-40.34201768676639,-30.858983543502475,-45.6340370030733,-45.67912246757467
15.375,-inf,-30.041073196199306,-41.41158986245097,-31.25120709908562,-45.43937046283312,-45.48727425144658
15.5,-inf,-30.211760526713075,-41.92499195642484,-31.386230721064614,-45.265571181657066,-45.311838954906605
15.625,-inf,-30.264801536350156,-42.151173175543775,-31.27706763705359,-45.11543145141867,-45.156698683519075
15.75,-inf,-30.62525844443405,-42.640258686651094,-31.426639974795943,-44.98771108962978,-45.02188962907813
15.875,-inf,-30.345418599637792,-42.669294833516574,-31.10777771620622,-44.88381895918842,-44.909973717295514
16.0,-inf,-30.32140891174828,-42.77112789596,-30.971707461907837,-44.806686492159756,-44.824743692836
16.125,-inf,-30.868081094435578,-42.98250412052034,-31.61024784090369,-44.754959458479675,-44.7659429380263
16.25,-inf,-30.710910500565674,-42.85931919016575,-31.462757115250962,-44.72552799502751,-44.731259889414915
16.375,-inf,-30.348903595754862,-42.78464710399885,-31.09178131214528,-44.715101288340804,-44.717356941905216
16.5,-inf,-30.301604903489313,-42.843935643402,-31.037024786217128,-44.7197523671548,-44.71989828689014
16.625,-inf,-30.452252862972028,-43.12275891165618,-31.472027786769328,-44.73816058200185,-44.73708790786294
16.75,-inf,-30.334951517754625,-42.88498876587752,-31.444577448886058,-44.76999225335711,-44.76813128000482
16.875,-inf,-30.344154392353385,-42.47305686038436,-31.453616594120962,-44.81214415759139,-44.80977831775617
17.0,-inf,-30.55686731548817,-42.64084667721265,-31.856252208630494,-44.8611330545043,-44.85857198046436
17.125,-inf,-30.433946980973467,-42.34561332485471,-31.70679058189862,-44.915667202486695,-44.913145399074885
17.25,-inf,-29.933089296448053,-42.225943749982804,-31.193067913397485,-44.97643053222113,-44.97418253502596
17.375,-inf,-30.296555135999462,-42.25046975811857,-31.64605104611468,-45.047784418111824,-45.04601942317552
17.5,-inf,-30.087928118443692,-41.944894357026044,-31.42650765536842,-45.1364132758746,-45.13516641462587
17.625,-inf,-29.904383409742113,-41.938047246915964,-31.04305966478261,-45.247331617556924,-45.24652796682397
17.75,-inf,-29.890053965224418,-42.06888538875043,-31.079427400219195,-45.38413875234326,-45.38363146070685
17.875,-inf,-29.98716194897808,-42.8022405263832,-31.195190586627103,-45.54905578868759,-45.54869827898571
18.0,-inf,-29.85492790793122,-42.688914525147005,-30.957926345874412,-45.74251545038341,-45.74227527994382
18.125,-inf,-29.681571805422582,-43.18986983339224,-30.821469760467764,-45.9645091520083,-45.96437278698879
18.25,-inf,-30.043022453423795,-43.66556916489649,-31.057679396310004,-46.21346899028651,-46.21335749529333
18.375,-inf,-30.039134630934345,-44.04803164754065,-31.06559103161122,-46.48405023328647,-46.48384980376914
18.5,-inf,-29.895549696370324,-44.087073105083974,-30.947263771072926,-46.767782607038235,-46.76740036422838
18.625,-inf,-29.990931923522282,-43.36421265467337,-31.05943677657128,-47.05490002279202,-47.05430666118151
18.75,-inf,-29.83713360585627,-43.33853636626212,-30.78574153402201,-47.33501702545921,-47.33427757918249
18.875,-inf,-29.77212840603874,-43.13174558806915,-30.93740905424607,-47.598376991479434,-47.597602563632776
19.0,-inf,-29.95587980925456,-43.099143650668466,-31.269677397999928,-47.8358090012816,-47.83507936729478
19.125,-inf,-29.83628666926419,-42.79743137844805,-30.969014149680753,-48.037926474094164,-48.03730548761359
19.25,-inf,-29.94839145526909,-43.08992362483694,-31.212461518162684,-48.19686351835464,-48.19638468091092
19.375,-inf,-29.631311637047485,-42.718751609024324,-30.90246754037473,-48.30776875555966,-48.307421053571076
19.5,-inf,-29.8231349873479,-42.634780556866346,-31.14699987045132,-48.36853287318368,-48.36828374050454
19.625,-inf,-29.90314831116711,-43.47871939105876,-31.404371313907603,-48.378863157660206,-48.37863444246297
19.75,-inf,-30.07546490132227,-43.44006647779558,-31.62209243869928,-48.34018964117114,-48.33983359862367
19.875,-inf,-29.87573506725944,-43.7437724866436,-31.107612974895268,-48.25602555243919,-48.25538245247044
20.0,-inf,-29.931395312809098,-43.8628112430575,-31.088244833329163,-48.13177704575668,-48.13076880733541
20.125,-inf,-30.317552134166604,-44.27332167486887,-31.674366256091588,-47.97416158332166,-47.972816854883504
20.25,-inf,-29.775048394269298,-43.978076513625275,-31.25630838158084,-47.790603204302506,-47.78905495807657
20.375,-inf,-29.84063923280352,-44.135029953003915,-31.32184808114762,-47.5888658895167,-47.58728159475279
20.5,-inf,-29.978600042233687,-44.936691464783095,-31.487673531094988,-47.37703559573664,-47.37552436857139
20.625,-inf,-29.870849197284898,-44.647940065011966,-31.32538551593271,-47.16350815276908,-47.16216320075387
20.75,-inf,-29.579475455999223,-44.72288408920613,-31.227580590108918,-46.95628312883919,-46.9552142171457
20.875,-inf,-30.19881746359737,-44.70556827119623,-32.12389996336337,-46.7621912197496,-46.76147734906655
21.0,-inf,-29.869478937505964,-44.32851400603349,-31.88438246609096,-46.58691689384354,-46.58658236895832
21.125,-inf,-29.717547898530384,-44.39566134815861,-31.74755016532309,-46.43535047160306,-46.43533354257798
21.25,-inf,-29.82069660235545,-44.48837259684383,-31.711567052624076,-46.3114114273052,-46.31155768330781
21.375,-inf,-29.80559750755402,-44.84819165609707,-31.71675369438661,-46.217796302615284,-46.21795770021646
21.5,-inf,-29.84465282117587,-44.31916124919994,-31.761224102493188,-46.15605054622396,-46.15616628588174
21.625,-inf,-29.86966775776175,-44.3998520924505,-31.8235147267658,-46.1266896796134,-46.12675584902717
21.75,-inf,-30.01767713994361,-44.668679570971825,-31.95597632451132,-46.12947340233041,-46.129520752957134
21.875,-inf,-29.859662733354767,-44.782983568843726,-31.75116088142023,-46.163887784231136,-46.16394915967318
22.0,-inf,-29.752436917458823,-44.91369724287778,-31.572830478128793,-46.22895025179258,-46.22902010219996
22.125,-inf,-29.598502938389966,-45.11792739966157,-31.466428696349332,-46.322646042151014,-46.322724607896944
22.25,-inf,-29.606581737560337,-45.37683812331389,-31.483358951379394,-46.441971753251735,-46.44208476089019
22.375,-inf,-29.8752899284162,-45.3591765733531,-31.79265938072048,-46.582796404293624,-46.582959651786986
22.5,-inf,-29.85330953542452,-46.197636847760265,-31.800268936696515,-46.739756764192265,-46.73996741105073
22.625,-inf,-29.92254568539977,-46.15927943421475,-31.829589528317847,-46.90656515549887,-46.90679456932741
22.75,-inf,-30.014113933442612,-45.99262815111264,-32.0583508374603,-47.07595847375663,-47.076152763811166
22.875,-inf,-29.906735565398733,-45.86122999560489,-31.96527896536743,-47.23982212598195,-47.23994410641923
23.0,-inf,-30.166890453871787,-46.177155904119104,-32.30007740657845,-47.38971970227869,-47.38977174934916
23.125,-inf,-30.312396692039854,-46.130673231791086,-32.62292247702652,-47.517346180105335,-47.51734853420044
23.25,-inf,-30.658435050624092,-46.37175483042934,-33.14842457485188,-47.61529081889836,-47.61526805967815
23.375,-inf,-30.341672752569973,-45.988436294237864,-32.90611311432991,-47.67789205398713,-47.67786230775754
23.5,-inf,-30.327561668287647,-45.748391285616236,-32.89253842802627,-47.701369722607446,-47.70133777685989
23.625,-inf,-29.825888505307706,-46.23954678690582,-32.45790765836614,-47.68384064632001,-47.68380965606754
23.75,-inf,-29.833860911916496,-46.723427531439626,-32.33484603292479,-47.62543901129761,-47.62541425572971
23.875,-inf,-29.833451821039535,-47.1653860501958,-32.499168530284116,-47.528080839151855,-47.52806442330697
24.0,-inf,-29.751739106066275,-47.74996699737169,-32.47549554030554,-47.395598454980004,-47.39558824234842
24.125,-inf,-29.66797026826019,-47.38514907581161,-32.31851441125166,-47.233698135304394,-47.233691274804066
24.25,-inf,-29.882203233798663,-47.26708097036947,-32.586195505519946,-47.04931483912287,-47.04931071958637
24.375,-inf,-29.821180984944036,-48.16505561938871,-32.57618278747582,-46.850202728757324,-46.85020251065615
24.5,-inf,-29.75227665064711,-48.369813980182066,-32.416552703941946,-46.64445263368321,-46.64445785372271
24.625,-inf,-30.16359028144953,-48.21033641266002,-33.01326763479282,-46.439876755939615,-46.43988678005695
24.75,-inf,-30.31994447079425,-47.93668531339528,-33.30528332657339,-46.24362857733345,-46.243639432557345
24.875,-inf,-30.23710334574668,-47.87966149989152,-33.176148376676224,-46.06173574913862,-46.061743614027044
25.0,-inf,-30.06534332443224,-48.13741339576728,-33.19867144660162,-45.89892247407872,-45.89892664042247
25.125,-inf,-30.370453401755636,-48.6361286239606,-33.37124789997367,-45.75891631161597,-45.75891735361894
25.25,-inf,-30.16247809559961,-48.57820222113162,-33.10609631977874,-45.644365550223604,-45.64436427448917
25.375,-inf,-30.374678247003935,-48.634690531620834,-33.47071521103355,-45.55671224261617,-45.55670945898372
25.5,-inf,-30.37779569419982,-49.14884008323784,-33.752417500997254,-45.4963969046759,-45.49639241537545
25.625,-inf,-30.400832559064746,-49.50541608839807,-33.70767139038099,-45.46286680443778,-45.46286112816179
25.75,-inf,-30.078539396968008,-48.71772885169481,-33.504248123773316,-45.45471314157548,-45.45470837182818
25.875,-inf,-30.20137502331052,-48.9704147822826,-33.714374760033266,-45.470045053551324,-45.47004278669551
26.0,-inf,-30.567879676230504,-48.93791763744336,-34.05138070216045,-45.50624656943213,-45.50624712980729
26.125,-inf,-30.49325752440389,-48.82266066887719,-34.03547246273308,-45.55950330023646,-45.55950602427756
26.25,-inf,-30.520055031126866,-48.7528164811691,-34.38083676876407,-45.62489977473983,-45.6249030906115
26.375,-inf,-30.649602326273666,-48.35511382397105,-34.31717009741499,-45.69647602959435,-45.69647867561889
26.5,-inf,-30.592068626639698,-47.926727487966645,-34.19330536497878,-45.76741673309451,-45.76741858545808
26.625,-inf,-30.39849575964446,-47.5276832786436,-34.07471682682717,-45.830624382477865,-45.830625602575914
26.75,-inf,-30.42315696805892,-47.998297774901474,-34.07951791775106,-45.878990424517234,-45.87899109535874
26.875,-inf,-30.481638554467732,-48.010731286232875,-34.05961215305917,-45.90569861852116,-45.90569885932129
27.0,-inf,-30.34028831039564,-48.16154028619443,-33.99554843707283,-45.904928312147774,-45.904928152987026
27.125,-inf,-29.928603996153672,-48.09418329882163,-33.641585092848175,-45.872511399445244,-45.87251098654935
27.25,-inf,-29.71456725099567,-48.13969824062251,-33.327922554708195,-45.806273477287895,-45.80627307589949
27.375,-inf,-29.492698380949886,-48.05116956975225,-33.15519712953453,-45.70607627300647,-45.70607599413209
27.5,-inf,-29.555376954342133,-48.5532693616917,-33.32274685605098,-45.573497523983946,-45.57349731146697
27.625,-inf,-29.487517048882893,-48.97026914778834,-33.22967559413548,-45.411456065844064,-45.4114558425012
27.75,-inf,-29.27189291976258,-49.250408133067644,-33.01987110907342,-45.22401026379782,-45.22401002635446
27.875,-inf,-28.811445186878757,-49.08566184293386,-32.812794826782,-45.01625033075105,-45.01625012602642
28.0,-inf,-28.87829730708706,-48.85795714406073,-32.772733970125444,-44.79400654217059,-44.794006400705946
28.125,-inf,-28.86807995818415,-49.02566366375155,-32.80164802123343,-44.56327009286177,-44.563270018807046
28.25,-inf,-29.030106470455046,-49.52435075243735,-33.08819601151812,-44.33001754203624,-44.3300175117013
28.375,-inf,-29.025621555300773,-49.80499283158015,-33.159068117381835,-44.10020779009646,-44.10020778007016
28.5,-inf,-28.977089571342294,-49.84845666589278,-33.060914214775345,-43.87953297314577,-43.87953299922454
28.625,-inf,-29.17592379165111,-50.06221924896667,-33.33344576956656,-43.673289896992245,-43.67328996609375
28.75,-inf,-29.25494933923988,-50.52586848065049,-33.33765858321593,-43.486143213948395,-43.48614329724286
28.875,-inf,-29.86023103170559,-51.053983728183184,-33.795868339063894,-43.32164953587246,-43.32164960579321
29.0,-inf,-29.967297449303246,-51.45780496339561,-33.999119206157125,-43.18241239177367,-43.18241242914436
29.125,-inf,-30.256986734394232,-51.603383484661535,-34.172985460793235,-43.070594369493726,-43.070594370159284
29.25,-inf,-30.19642777994436,-51.45204978847615,-34.00685898867597,-42.987789582949986,-42.987789569054364
29.375,-inf,-30.21768180996707,-52.102299011541675,-34.09964887870885,-42.934979374260564,-42.93497936521641
29.5,-inf,-29.8593082499849,-51.786069652602116,-33.81863432244119,-42.91263681758626,-42.91263681284404
29.625,-inf,-30.334977210528304,-52.2156824505946,-34.25962870183113,-43.47326919182606,-43.47326918549194
29.75,-inf,-31.28725498391558,-53.24967938153458,-35.3094769103751,-44.13375625903661,-44.133756249567725
29.875,-inf,-31.81420851325067,-53.61557899527742,-35.80332679305047,-44.927087812321965,-44.927087797875025
