noise,snr_in,variant,wavelet,level,n,d_segsnr_mean,d_segsnr_std,d_pesq_mean,d_pesq_std,d_stoi_mean,d_stoi_std,segsnr_out_mean,pesq_out_mean,stoi_out_mean,segsnr_noisy_mean,pesq_noisy_mean,stoi_noisy_mean
babble,-5,level_dependent,db4,3,30,0.6632925668382565,0.5422882487279408,-0.04362064599990845,0.10565674810208611,-0.09482295314739463,0.036642729646017544,-4.574802745051356,1.2333208362261454,0.4210961193171586,-5.2380953118896105,1.2769414822260539,0.5159190724645532
babble,-5,level_dependent,db4,4,30,2.5288662690820214,0.7244813859472446,-0.2236705780029297,0.1193210658591067,-0.19177092884318486,0.057160802683180224,-2.7092290428075896,1.053270904223124,0.3241481436213683,-5.2380953118896105,1.2769414822260539,0.5159190724645532
babble,-5,level_dependent,db4,5,30,4.380712692639315,0.8937035166205664,-0.20175400177637737,0.15978928096517991,-0.2328251449131006,0.057839265632497715,-0.8573826192502962,1.0751874804496766,0.2830939275514526,-5.2380953118896105,1.2769414822260539,0.5159190724645532
babble,-5,level_dependent,db4,6,30,4.624279510231982,0.9097889790121166,-0.08714821338653564,0.648713213670241,-0.2649408958140199,0.0745853866126766,-0.6138158016576298,1.1897932688395183,0.2509781766505332,-5.2380953118896105,1.2769414822260539,0.5159190724645532
babble,-5,level_dependent,db8,3,30,0.6887098696560182,0.582212370350499,-0.023759671052296958,0.1101248897561113,-0.10656244075013702,0.04358113709937734,-4.549385442233594,1.253181811173757,0.4093566317144161,-5.2380953118896105,1.2769414822260539,0.5159190724645532
babble,-5,level_dependent,db8,4,30,2.7189841356184727,0.7475119148983728,-0.2194646954536438,0.12256350676275077,-0.19842399889385637,0.06302875105149175,-2.5191111762711382,1.05747678677241,0.3174950735706969,-5.2380953118896105,1.2769414822260539,0.5159190724645532
babble,-5,level_dependent,db8,5,30,4.5703903980156735,0.8939301824550315,-0.21460015773773194,0.12857018019277514,-0.24495680258852495,0.06400440644344778,-0.6677049138739385,1.062341324488322,0.2709622698760283,-5.2380953118896105,1.2769414822260539,0.5159190724645532
babble,-5,level_dependent,db8,6,30,4.628038637174009,0.8955719995027479,-0.23403356472651163,0.12164238009841297,-0.27155697114988103,0.07316372840293502,-0.6100566747156021,1.0429079174995421,0.24436210131467212,-5.2380953118896105,1.2769414822260539,0.5159190724645532
babble,-5,level_dependent,sym8,3,30,0.6882931793344711,0.5723934151748616,-0.04061904748280843,0.11039095340550653,-0.10752143750022555,0.03773696182449633,-4.54980213255514,1.2363224347432455,0.40839763496432774,-5.2380953118896105,1.2769414822260539,0.5159190724645532
babble,-5,level_dependent,sym8,4,30,2.719377346675905,0.727297264451371,-0.22801283200581868,0.12591242900862912,-0.2001893331167046,0.05772019035878436,-2.5187179652137073,1.0489286502202353,0.31572973934784865,-5.2380953118896105,1.2769414822260539,0.5159190724645532
babble,-5,level_dependent,sym8,5,30,4.559755000484144,0.9003753708958612,-0.20980379581451417,0.16056420753961534,-0.24391382787809499,0.058408080764083097,-0.6783403114054674,1.0671376864115396,0.2720052445864582,-5.2380953118896105,1.2769414822260539,0.5159190724645532
babble,-5,level_dependent,sym8,6,30,4.6184186456115475,0.9045437504734349,-0.20578451156616212,0.16701152913357825,-0.2772398866383932,0.06783144744903635,-0.619676666278063,1.0711569706598918,0.23867918582616002,-5.2380953118896105,1.2769414822260539,0.5159190724645532
babble,-5,universal,db4,3,30,0.6715827410429545,0.3793789223082622,-0.02717635631561279,0.06871102106321177,-0.046351096400880074,0.02767984614086935,-4.566512570846656,1.249765125910441,0.46956797606367306,-5.2380953118896105,1.2769414822260539,0.5159190724645532
babble,-5,universal,db4,4,30,1.4759918888972932,0.4695491175397575,-0.05148145357767741,0.0737476247341572,-0.06847452472886624,0.033207110904877796,-3.7621034229923183,1.2254600286483766,0.44744454773568687,-5.2380953118896105,1.2769414822260539,0.5159190724645532
babble,-5,universal,db4,5,30,1.6811753516618877,0.4686204248710181,-0.05978701512018839,0.07530785946342569,-0.07922653424998843,0.037396236014958104,-3.556919960227724,1.2171544671058654,0.4366925382145647,-5.2380953118896105,1.2769414822260539,0.5159190724645532
babble,-5,universal,db4,6,30,1.6863629256419006,0.47041638001610964,-0.06079763174057007,0.0753855520293415,-0.07975908948134204,0.03797596641608678,-3.551732386247711,1.2161438504854838,0.43615998298321124,-5.2380953118896105,1.2769414822260539,0.5159190724645532
babble,-5,universal,db8,3,30,0.6580660342167185,0.38574238790150833,-0.01280273993810018,0.07775716626451172,-0.04770086763405882,0.026605205391270183,-4.580029277672892,1.2641387422879538,0.46821820483049426,-5.2380953118896105,1.2769414822260539,0.5159190724645532
babble,-5,universal,db8,4,30,1.4058742234034571,0.44513774277958845,-0.039116859436035156,0.07444401726253012,-0.05926068019906206,0.027178892354707544,-3.8322210884861545,1.2378246227900187,0.45665839226549115,-5.2380953118896105,1.2769414822260539,0.5159190724645532
babble,-5,universal,db8,5,30,1.5585176708843254,0.4469012621383072,-0.04206468264261882,0.07257609417768583,-0.07712721697711097,0.03407636793990826,-3.679577641005286,1.234876799583435,0.43879185548744215,-5.2380953118896105,1.2769414822260539,0.5159190724645532
babble,-5,universal,db8,6,30,1.5595157892246059,0.44694200617000923,-0.04204591512680054,0.07256283915700579,-0.07786393653196515,0.03423385477443087,-3.6785795226650055,1.2348955670992534,0.4380551359325881,-5.2380953118896105,1.2769414822260539,0.5159190724645532
babble,-5,universal,sym8,3,30,0.6500554109969168,0.3687223804958855,-0.016976606845855714,0.08286179380533108,-0.04689655253840031,0.025254717796014195,-4.588039900892695,1.2599648753801982,0.46902251992615285,-5.2380953118896105,1.2769414822260539,0.5159190724645532
babble,-5,universal,sym8,4,30,1.3918407979261107,0.43384218891506077,-0.03610033591588338,0.07364876042668819,-0.05860024453119403,0.02769840763558747,-3.8462545139635007,1.2408411463101705,0.4573188279333591,-5.2380953118896105,1.2769414822260539,0.5159190724645532
babble,-5,universal,sym8,5,30,1.5383905758068115,0.4314451600030601,-0.03444444338480632,0.07568407245989166,-0.07633185093622653,0.03313902253007649,-3.6997047360827997,1.2424970388412475,0.4395872215283267,-5.2380953118896105,1.2769414822260539,0.5159190724645532
babble,-5,universal,sym8,6,30,1.5391129543052402,0.4314312556375524,-0.034514860312143965,0.07571981384121342,-0.07754512725647428,0.03363227405709745,-3.6989823575843706,1.24242662191391,0.43837394520807893,-5.2380953118896105,1.2769414822260539,0.5159190724645532
babble,0,level_dependent,db4,3,30,-0.3438142822015056,0.6060181431354791,-0.1362261215845744,0.0860871697813104,-0.07763560333108153,0.03332929859916937,-2.5031411533922268,1.3044504006703694,0.5784256140695327,-2.159326871190721,1.4406765222549438,0.6560612174006141
babble,0,level_dependent,db4,4,30,0.6580256668482451,0.828914618192445,-0.35544383923212686,0.1100085313536985,-0.1789500199930887,0.0478381629660291,-1.5013012043424754,1.085232683022817,0.47711119740752556,-2.159326871190721,1.4406765222549438,0.6560612174006141
babble,0,level_dependent,db4,5,30,1.936789788304607,0.9626809434226216,-0.30939838886260984,0.30338324137909184,-0.23328189597519947,0.05390931303399628,-0.22253708288611376,1.131278133392334,0.4227793214254148,-2.159326871190721,1.4406765222549438,0.6560612174006141
babble,0,level_dependent,db4,6,30,2.079661201948696,0.9483708499447061,-0.35375311772028606,0.20239576545109902,-0.25122059281481496,0.06230320443527878,-0.07966566924202446,1.0869234045346579,0.4048406245857992,-2.159326871190721,1.4406765222549438,0.6560612174006141
babble,0,level_dependent,db8,3,30,-0.28290924803741113,0.6454307131320004,-0.13958615064620972,0.10720879807143982,-0.08784086615539242,0.03144513759859367,-2.4422361192281326,1.301090371608734,0.5682203512452219,-2.159326871190721,1.4406765222549438,0.6560612174006141
babble,0,level_dependent,db8,4,30,0.7831758741585425,0.8259293090374253,-0.3692612528800964,0.11128206384060095,-0.18831994418242198,0.04311390137764268,-1.3761509970321788,1.0714152693748473,0.46774127321819226,-2.159326871190721,1.4406765222549438,0.6560612174006141
babble,0,level_dependent,db8,5,30,2.036066578428527,0.9315607416588978,-0.37736440896987916,0.11143407507327519,-0.25533219690199765,0.04787432456651878,-0.12326029276219351,1.0633121132850647,0.4007290204986166,-2.159326871190721,1.4406765222549438,0.6560612174006141
babble,0,level_dependent,db8,6,30,2.0618993683054803,0.9338944741135615,-0.37997622092564903,0.1099822077683654,-0.26606758802336195,0.060926219486122535,-0.0974275028852404,1.0607003013292948,0.3899936293772523,-2.159326871190721,1.4406765222549438,0.6560612174006141
babble,0,level_dependent,sym8,3,30,-0.27839452116471897,0.6437298808763378,-0.13605695962905884,0.10754132582880432,-0.08478757321062665,0.027913922983640645,-2.43772139235544,1.304619562625885,0.5712736441899877,-2.159326871190721,1.4406765222549438,0.6560612174006141
babble,0,level_dependent,sym8,4,30,0.8109871527897017,0.8645892271970517,-0.3697099526723226,0.11182586255685793,-0.18774397375221977,0.04589747393902776,-1.3483397184010188,1.0709665695826212,0.4683172436483945,-2.159326871190721,1.4406765222549438,0.6560612174006141
babble,0,level_dependent,sym8,5,30,2.0547638799977688,0.9479182180009134,-0.36990995407104493,0.1307691164264183,-0.24680847507246687,0.04748968357517821,-0.1045629911929522,1.070766568183899,0.4092527423281473,-2.159326871190721,1.4406765222549438,0.6560612174006141
babble,0,level_dependent,sym8,6,30,2.08404591885282,0.9486257252196679,-0.3811766823132833,0.11275222118840665,-0.2641467596289455,0.05656643017537628,-0.07528095233790065,1.0594998399416606,0.3919144577716688,-2.159326871190721,1.4406765222549438,0.6560612174006141
babble,0,universal,db4,3,30,0.3263746190776835,0.43354328871526776,-0.03745482365290324,0.062064594319859535,-0.02670582012400728,0.024648150098844742,-1.8329522521130373,1.4032216986020407,0.6293553972766069,-2.159326871190721,1.4406765222549438,0.6560612174006141
babble,0,universal,db4,4,30,1.0666913715336943,0.483644929898592,-0.08207027912139893,0.07521867542544236,-0.042982808452912837,0.02550850347974497,-1.0926354996570262,1.3586062431335448,0.6130784089477015,-2.159326871190721,1.4406765222549438,0.6560612174006141
babble,0,universal,db4,5,30,1.2377679391864196,0.483839034529417,-0.10831214189529419,0.0967877607157387,-0.061142952013230174,0.02914790330538016,-0.9215589320043012,1.3323643803596497,0.5949182653873841,-2.159326871190721,1.4406765222549438,0.6560612174006141
babble,0,universal,db4,6,30,1.2393955446749652,0.4842230781203988,-0.10920950571695963,0.09710578106478837,-0.06273510090746948,0.029874712354308414,-0.9199313265157554,1.3314670165379843,0.5933261164931447,-2.159326871190721,1.4406765222549438,0.6560612174006141
babble,0,universal,db8,3,30,0.3594993949947064,0.40363507825103795,-0.02873075008392334,0.06788063867276091,-0.02678486207253927,0.019367499112166387,-1.7998274761960147,1.4119457721710205,0.6292763553280751,-2.159326871190721,1.4406765222549438,0.6560612174006141
babble,0,universal,db8,4,30,1.0616308968765575,0.45654688877652744,-0.06869897445042929,0.08264236699533342,-0.03478125217687043,0.018360853567766584,-1.097695974314163,1.3719775478045146,0.621279965223744,-2.159326871190721,1.4406765222549438,0.6560612174006141
babble,0,universal,db8,5,30,1.1941161095827553,0.4603294713507408,-0.08592591285705567,0.09215380544209774,-0.056059800264336594,0.022691102909481856,-0.9652107616079653,1.3547506093978883,0.6000014171362776,-2.159326871190721,1.4406765222549438,0.6560612174006141
babble,0,universal,db8,6,30,1.1942120958291533,0.4602608296330063,-0.0859312097231547,0.0921712730999473,-0.057439747766167226,0.02328018924141558,-0.9651147753615674,1.3547453125317892,0.5986214696344471,-2.159326871190721,1.4406765222549438,0.6560612174006141
babble,0,universal,sym8,3,30,0.36548429271322147,0.40069097689804906,-0.029803780714670818,0.06263060311166387,-0.02594059671577883,0.018765965439693656,-1.793842578477499,1.410872741540273,0.6301206206848353,-2.159326871190721,1.4406765222549438,0.6560612174006141
babble,0,universal,sym8,4,30,1.0761016898180829,0.45020366290096986,-0.06943374474843343,0.07773693753864472,-0.03405835550039009,0.018000956494778973,-1.0832251813726377,1.3712427775065104,0.6220028619002241,-2.159326871190721,1.4406765222549438,0.6560612174006141
babble,0,universal,sym8,5,30,1.1812280950194831,0.44948479940813085,-0.08395387729008992,0.08930102564888068,-0.056492349766766155,0.02374669354939851,-0.9780987761712375,1.356722644964854,0.5995688676338482,-2.159326871190721,1.4406765222549438,0.6560612174006141
babble,0,universal,sym8,6,30,1.1812346043204207,0.4493420372487072,-0.08396646976470948,0.0893238740157941,-0.058125787979314995,0.024463886501770723,-0.9780922668702996,1.3567100524902345,0.5979354294212994,-2.159326871190721,1.4406765222549438,0.6560612174006141
babble,5,level_dependent,db4,3,30,-1.8121678319980448,0.8592595755328731,-0.28922210931777953,0.10183148901451378,-0.0795705968240326,0.0327411119308807,-0.3597064822625339,1.3734963536262512,0.7034892455489885,1.452461349735511,1.6627184629440308,0.7830598423730213
babble,5,level_dependent,db4,4,30,-1.7174748135781157,0.9505549028235872,-0.5064518650372823,0.12377053258677423,-0.19320470399819578,0.03870234810954979,-0.2650134638426047,1.1562665979067484,0.5898551383748255,1.452461349735511,1.6627184629440308,0.7830598423730213
babble,5,level_dependent,db4,5,30,-1.0365540201249352,0.9832095124098564,-0.5402642091115316,0.13205313030772056,-0.251672387325054,0.05147076368196082,0.4159073296105758,1.122454253832499,0.5313874550479674,1.452461349735511,1.6627184629440308,0.7830598423730213
babble,5,level_dependent,db4,6,30,-0.9832440744311257,0.9844197920642856,-0.5555579463640848,0.13549859916824034,-0.262840636909899,0.05064558126745963,0.46921727530438545,1.1071605165799459,0.5202192054631224,1.452461349735511,1.6627184629440308,0.7830598423730213
babble,5,level_dependent,db8,3,30,-1.6516719789048926,0.8605741012331793,-0.2893101175626119,0.13619361346556794,-0.07800045139710718,0.031745194735696806,-0.19921062916938168,1.3734083453814188,0.705059390975914,1.452461349735511,1.6627184629440308,0.7830598423730213
babble,5,level_dependent,db8,4,30,-1.5798806126671001,0.9845290799385512,-0.5312210758527119,0.13474702778286515,-0.19087539184185506,0.0416816566495433,-0.12741926293158948,1.1314973870913188,0.5921844505311662,1.452461349735511,1.6627184629440308,0.7830598423730213
babble,5,level_dependent,db8,5,30,-0.9690724357177134,0.9927542301153555,-0.5469566623369853,0.13830360736613084,-0.26140097936927376,0.049918925081920924,0.48338891401779766,1.1157618006070456,0.5216588630037475,1.452461349735511,1.6627184629440308,0.7830598423730213
babble,5,level_dependent,db8,6,30,-0.9629343310836624,0.9946505789628843,-0.5488736271858216,0.13903323404512782,-0.27272523445212593,0.05011035356229578,0.4895270186518485,1.1138448357582091,0.5103346079208954,1.452461349735511,1.6627184629440308,0.7830598423730213
babble,5,level_dependent,sym8,3,30,-1.636486926633458,0.8563449092696928,-0.28187867005666095,0.12635947261733557,-0.0769234318115319,0.03299795026886657,-0.18402557689794702,1.3808397928873697,0.7061364105614893,1.452461349735511,1.6627184629440308,0.7830598423730213
babble,5,level_dependent,sym8,4,30,-1.5237155892212222,0.985819796780458,-0.5288212100664774,0.13550504077540698,-0.1882280017416469,0.04250095872255607,-0.07125423948571165,1.1338972528775533,0.5948318406313743,1.452461349735511,1.6627184629440308,0.7830598423730213
babble,5,level_dependent,sym8,5,30,-0.9585363822215329,1.00137660932072,-0.545673398176829,0.1397626095220912,-0.2590713831446385,0.05007549926977092,0.4939249675139782,1.1170450647672017,0.5239884592283828,1.452461349735511,1.6627184629440308,0.7830598423730213
babble,5,level_dependent,sym8,6,30,-0.9517288632724039,1.001848775618818,-0.547048032283783,0.1401375491551252,-0.2693243137336948,0.05178937802256485,0.5007324864631071,1.1156704306602478,0.5137355286393264,1.452461349735511,1.6627184629440308,0.7830598423730213
babble,5,universal,db4,3,30,-0.2692135539112198,0.6127265620655491,-0.07115046977996826,0.06096935274215354,-0.027053122176335757,0.0229720760280688,1.183247795824291,1.5915679931640625,0.7560067201966855,1.452461349735511,1.6627184629440308,0.7830598423730213
babble,5,universal,db4,4,30,0.3499119642447361,0.6353005833139571,-0.1183205008506775,0.06901201303003862,-0.046559662628985636,0.021638611351820387,1.8023733139802471,1.5443979620933532,0.7365001797440356,1.452461349735511,1.6627184629440308,0.7830598423730213
babble,5,universal,db4,5,30,0.4177481619938644,0.6335711032363421,-0.14163641532262167,0.0895147523952637,-0.06770350050454965,0.024451513045990445,1.870209511729375,1.521082047621409,0.7153563418684716,1.452461349735511,1.6627184629440308,0.7830598423730213
babble,5,universal,db4,6,30,0.41348186308041424,0.63574077503501,-0.1425402839978536,0.0897908836065725,-0.07041996865318116,0.02544731754203923,1.865943212815925,1.5201781789461772,0.7126398737198402,1.452461349735511,1.6627184629440308,0.7830598423730213
babble,5,universal,db8,3,30,-0.09691204638115102,0.5705797361482736,-0.05189442237218221,0.07614549718504217,-0.02479165701502273,0.021742113819807656,1.3555493033543597,1.6108240405718486,0.7582681853579984,1.452461349735511,1.6627184629440308,0.7830598423730213
babble,5,universal,db8,4,30,0.4966059804871096,0.5949482816861282,-0.09807431697845459,0.07024057770360081,-0.034565980325133853,0.021485956053894435,1.9490673302226205,1.5646441459655762,0.7484938620478875,1.452461349735511,1.6627184629440308,0.7830598423730213
babble,5,universal,db8,5,30,0.5223900654231104,0.5854681230973909,-0.10887390772501628,0.07303898919468486,-0.05977152705027641,0.023472707738673125,1.9748514151586214,1.5538445552190145,0.7232883153227446,1.452461349735511,1.6627184629440308,0.7830598423730213
babble,5,universal,db8,6,30,0.5208682987159815,0.5858013989972513,-0.10883038441340129,0.07305518989377799,-0.0618249349784427,0.023933490755252713,1.9733296484514928,1.5538880785306295,0.7212349073945785,1.452461349735511,1.6627184629440308,0.7830598423730213
babble,5,universal,sym8,3,30,-0.0797900593934766,0.5561662249724076,-0.04989402691523234,0.07113078531133604,-0.02343433357875225,0.02061938390642507,1.3726712903420348,1.6128244360287984,0.759625508794269,1.452461349735511,1.6627184629440308,0.7830598423730213
babble,5,universal,sym8,4,30,0.5150083445917457,0.5931266637937321,-0.09095718463261922,0.06424831145442267,-0.03087328324789341,0.02079005721038632,1.9674696943272567,1.5717612783114114,0.752186559125128,1.452461349735511,1.6627184629440308,0.7830598423730213
babble,5,universal,sym8,5,30,0.5380235100896745,0.5944662961021038,-0.1130064050356547,0.07699811509746184,-0.05654980061887729,0.02508110469216751,1.9904848598251859,1.549712057908376,0.7265100417541439,1.452461349735511,1.6627184629440308,0.7830598423730213
babble,5,universal,sym8,6,30,0.536384059831418,0.5949525548758987,-0.11305866638819377,0.07704888617779454,-0.05900196438888251,0.024941186825397237,1.9888454095669288,1.549659796555837,0.7240578779841389,1.452461349735511,1.6627184629440308,0.7830598423730213
babble,10,level_dependent,db4,3,30,-3.964532477505196,1.1520131267999776,-0.5001846472422282,0.15789272290857811,-0.08739306244869176,0.03269368226986883,1.61803427759207,1.4856705784797668,0.7958661290006394,5.582566755097266,1.985855225721995,0.883259191449331
babble,10,level_dependent,db4,4,30,-4.636865300944454,1.3985564005073985,-0.7264817794164021,0.16165613017307925,-0.20244951796822655,0.03906999477803707,0.9457014541528125,1.2593734463055928,0.6808096734811042,5.582566755097266,1.985855225721995,0.883259191449331
babble,10,level_dependent,db4,5,30,-4.481716393768902,1.4445254701095982,-0.7621802250544231,0.16848864321959323,-0.2634284395414975,0.05187746181286786,1.1008503613283642,1.223675000667572,0.6198307519078334,5.582566755097266,1.985855225721995,0.883259191449331
babble,10,level_dependent,db4,6,30,-4.458483759827388,1.4421896483162686,-0.7836367170015971,0.17469790457552634,-0.2719394131199095,0.05214942431021994,1.1240829952698779,1.202218508720398,0.6113197783294215,5.582566755097266,1.985855225721995,0.883259191449331
babble,10,level_dependent,db8,3,30,-3.7076554060185303,1.1803222259567347,-0.5005983193715413,0.18773447053732112,-0.07675148349650919,0.027826401951083834,1.8749113490787361,1.4852569063504537,0.8065077079528218,5.582566755097266,1.985855225721995,0.883259191449331
babble,10,level_dependent,db8,4,30,-4.5536708760800675,1.3929916254369341,-0.7553895433743795,0.17046670635329209,-0.19042090444680732,0.03437326970808201,1.0288958790171987,1.2304656823476157,0.6928382870025237,5.582566755097266,1.985855225721995,0.883259191449331
babble,10,level_dependent,db8,5,30,-4.404867407866992,1.425930229825455,-0.7660231788953146,0.16771440295652318,-0.26453708745883303,0.051066020873088876,1.1776993472302737,1.2198320468266806,0.618722103990498,5.582566755097266,1.985855225721995,0.883259191449331
babble,10,level_dependent,db8,6,30,-4.403714561335067,1.4252427579872318,-0.7667836586634318,0.1664326936225156,-0.27032379789734523,0.05127728507875165,1.178852193762198,1.2190715670585632,0.6129353935519858,5.582566755097266,1.985855225721995,0.883259191449331
babble,10,level_dependent,sym8,3,30,-3.686021775397131,1.1812304298256984,-0.49486449162165325,0.18099291217340646,-0.07653827941233657,0.02772459152680456,1.8965449797001346,1.4909907341003419,0.8067209120369943,5.582566755097266,1.985855225721995,0.883259191449331
babble,10,level_dependent,sym8,4,30,-4.513321149458379,1.4569719886588317,-0.7512187838554383,0.16831094411971162,-0.18924316414524267,0.036371928209721516,1.069245605638886,1.2346364418665567,0.6940160273040882,5.582566755097266,1.985855225721995,0.883259191449331
babble,10,level_dependent,sym8,5,30,-4.393324849468718,1.448106063705967,-0.7649671951929728,0.16875894089715726,-0.26015704747345064,0.04878583695976684,1.1892419056285466,1.2208880305290222,0.6231021439758803,5.582566755097266,1.985855225721995,0.883259191449331
babble,10,level_dependent,sym8,6,30,-4.3908719374247305,1.4479930693010445,-0.7667983253796895,0.1697164075439398,-0.265090784727226,0.049315273473226465,1.1916948176725362,1.2190569003423055,0.6181684067221049,5.582566755097266,1.985855225721995,0.883259191449331
babble,10,universal,db4,3,30,-1.4770461856430137,0.9103058677806309,-0.16351344188054404,0.13449591320585672,-0.03539302796839469,0.020890807797687993,4.105520569454252,1.822341783841451,0.8478661634809364,5.582566755097266,1.985855225721995,0.883259191449331
babble,10,universal,db4,4,30,-0.9556596147990111,1.0190618530606543,-0.20685025850931804,0.13750395017276262,-0.05383526281881693,0.02183910017256937,4.626907140298255,1.779004967212677,0.8294239286305138,5.582566755097266,1.985855225721995,0.883259191449331
babble,10,universal,db4,5,30,-0.9598005637791527,1.0605089939531567,-0.22684543927510578,0.14354854554693586,-0.07449192760577887,0.02296150059140437,4.622766191318115,1.7590097864468892,0.8087672638435522,5.582566755097266,1.985855225721995,0.883259191449331
babble,10,universal,db4,6,30,-0.9707677729136577,1.0585995171651044,-0.2282086928685506,0.14367419811781493,-0.07768466795851917,0.02294403758130011,4.6117989821836085,1.7576465328534445,0.8055745234908118,5.582566755097266,1.985855225721995,0.883259191449331
babble,10,universal,db8,3,30,-1.1718121116828764,0.8349528242409368,-0.14420454104741415,0.1557989993931797,-0.02844449682400445,0.015743611244563093,4.41075464341439,1.8416506846745808,0.8548146946253267,5.582566755097266,1.985855225721995,0.883259191449331
babble,10,universal,db8,4,30,-0.6875710637081754,0.9455990242757418,-0.18491501013437908,0.14430971188359823,-0.03753003385513934,0.01811367442494955,4.894995691389091,1.800940215587616,0.8457291575941918,5.582566755097266,1.985855225721995,0.883259191449331
babble,10,universal,db8,5,30,-0.7090715225670547,0.9810818375186346,-0.18883793354034423,0.14174734092430705,-0.06330325887905257,0.021473325381623023,4.873495232530212,1.7970172921816507,0.8199559325702783,5.582566755097266,1.985855225721995,0.883259191449331
babble,10,universal,db8,6,30,-0.7133926343679381,0.9795934012695542,-0.18871279954910278,0.14170153025870794,-0.06557595627413439,0.021319298839849034,4.869174120729327,1.7971424261728923,0.8176832351751966,5.582566755097266,1.985855225721995,0.883259191449331
babble,10,universal,sym8,3,30,-1.1295453255319978,0.8206009836789149,-0.14287156263987225,0.1554532977776413,-0.02742207751680283,0.015143855562546344,4.4530214295652675,1.8429836630821228,0.8558371139325281,5.582566755097266,1.985855225721995,0.883259191449331
babble,10,universal,sym8,4,30,-0.6247561069789352,0.9436637721430552,-0.18338892459869385,0.14609064239072286,-0.03552100834151627,0.017116421562813518,4.957810648118331,1.802466301123301,0.8477381831078145,5.582566755097266,1.985855225721995,0.883259191449331
babble,10,universal,sym8,5,30,-0.6557128700747552,0.9644184927318175,-0.18764770428339642,0.14390447388327213,-0.061306295871246495,0.02084892613911612,4.926853885022512,1.7982075214385986,0.8219528955780844,5.582566755097266,1.985855225721995,0.883259191449331
babble,10,universal,sym8,6,30,-0.6599737634091098,0.9631122169310122,-0.18764597177505493,0.14389258233507568,-0.06400923359577929,0.02072757029229359,4.922592991688157,1.79820925394694,0.8192499578535515,5.582566755097266,1.985855225721995,0.883259191449331
babble,15,level_dependent,db4,3,30,-6.393288548266519,1.345649104470136,-0.7324246962865194,0.17756799597719028,-0.0860007021251359,0.034277295089386726,3.638390460281353,1.6296181996663412,0.8569592321495204,10.031679008547872,2.3620428959528605,0.9429599342746562
babble,15,level_dependent,db4,4,30,-7.8962716789099705,1.650179134280486,-0.9637680888175965,0.17170940490226475,-0.1922608099501142,0.045720680093430104,2.135407329637899,1.398274807135264,0.750699124324542,10.031679008547872,2.3620428959528605,0.9429599342746562
babble,15,level_dependent,db4,5,30,-8.026757632532716,1.6889641847778654,-1.019399110476176,0.18232458814287505,-0.24333386522200767,0.06175691455408441,2.0049213760151527,1.3426437854766846,0.6996260690526486,10.031679008547872,2.3620428959528605,0.9429599342746562
babble,15,level_dependent,db4,6,30,-8.024417733167262,1.6899453871008934,-1.039275348186493,0.18524442470427516,-0.2469007157513197,0.06230587460744039,2.0072612753806087,1.3227675477663676,0.6960592185233365,10.031679008547872,2.3620428959528605,0.9429599342746562
babble,15,level_dependent,db8,3,30,-6.018008057885781,1.3930171354295797,-0.7301736235618591,0.2174197988517736,-0.07562817778319972,0.02711562264324344,4.013670950662091,1.6318692723910013,0.8673317564914567,10.031679008547872,2.3620428959528605,0.9429599342746562
babble,15,level_dependent,db8,4,30,-7.863281746180645,1.6472606983253544,-0.9992638826370239,0.1826158205945807,-0.1785716819493016,0.04340347737130424,2.168397262367226,1.3627790133158366,0.7643882523253545,10.031679008547872,2.3620428959528605,0.9429599342746562
babble,15,level_dependent,db8,5,30,-7.9804753553217544,1.6792909973607824,-1.0263402859369914,0.18426747925914644,-0.24239577350914981,0.06077369707761161,2.051203653226115,1.335702610015869,0.7005641607655064,10.031679008547872,2.3620428959528605,0.9429599342746562
babble,15,level_dependent,db8,6,30,-7.981438574059945,1.6793937117586972,-1.0277124484380087,0.18466022285778438,-0.24480123764343292,0.06159469843191564,2.050240434487925,1.3343304475148519,0.6981586966312232,10.031679008547872,2.3620428959528605,0.9429599342746562
babble,15,level_dependent,sym8,3,30,-5.9716295971824325,1.405758079956487,-0.7226230422655742,0.21361070973288176,-0.07300842085930832,0.02708815988300641,4.060049411365437,1.6394198536872864,0.869951513415348,10.031679008547872,2.3620428959528605,0.9429599342746562
babble,15,level_dependent,sym8,4,30,-7.805631190948635,1.6928428041351904,-0.9872481147448222,0.1841014878437849,-0.17348169786804798,0.043947493825185466,2.2260478175992358,1.3747947812080383,0.7694782364066081,10.031679008547872,2.3620428959528605,0.9429599342746562
babble,15,level_dependent,sym8,5,30,-7.926382014780662,1.6974091951973858,-1.014648175239563,0.19345648223002285,-0.2347742727619534,0.06012486476547138,2.1052969937672072,1.3473947207132975,0.7081856615127027,10.031679008547872,2.3620428959528605,0.9429599342746562
babble,15,level_dependent,sym8,6,30,-7.926975111602289,1.6976515407327648,-1.0156827807426452,0.19381743985257815,-0.23675775383851158,0.06070810599322187,2.104703896945582,1.3463601152102151,0.7062021804361448,10.031679008547872,2.3620428959528605,0.9429599342746562
babble,15,universal,db4,3,30,-3.0169861035236303,0.9584424290485563,-0.31436272064844767,0.17585687645441722,-0.04221882866071585,0.022914771139291322,7.014692905024239,2.047680175304413,0.9007411056139405,10.031679008547872,2.3620428959528605,0.9429599342746562
babble,15,universal,db4,4,30,-2.7530455006987435,1.0670981841704408,-0.35505632559458417,0.17784368586269025,-0.05954909629947299,0.025915452219267613,7.278633507849128,2.0069865703582765,0.8834108379751832,10.031679008547872,2.3620428959528605,0.9429599342746562
babble,15,universal,db4,5,30,-2.8608381077193865,1.0925365975269516,-0.37403207222620644,0.18533377716686156,-0.07829256702064001,0.026146019945119177,7.170840900828485,1.988010823726654,0.8646673672540162,10.031679008547872,2.3620428959528605,0.9429599342746562
babble,15,universal,db4,6,30,-2.882079687705212,1.0890321490115942,-0.37591339747111,0.18563327317194728,-0.08234941421664206,0.025889232032306086,7.14959932084266,1.9861294984817506,0.8606105200580142,10.031679008547872,2.3620428959528605,0.9429599342746562
babble,15,universal,db8,3,30,-2.5781519863399236,0.9414812320303121,-0.29501851797103884,0.18890155860504565,-0.033938681300133486,0.017200399716379034,7.453527022207946,2.067024377981822,0.9090212529745227,10.031679008547872,2.3620428959528605,0.9429599342746562
babble,15,universal,db8,4,30,-2.304876743564418,0.9962269575407305,-0.33500330050786337,0.1787916956720546,-0.04222886386439096,0.018343037745601896,7.7268022649834505,2.027039595444997,0.9007310704102652,10.031679008547872,2.3620428959528605,0.9429599342746562
babble,15,universal,db8,5,30,-2.42335111062823,1.0162224167732452,-0.33659849166870115,0.17927353550481914,-0.06591589934253089,0.02327953082202229,7.60832789791964,2.0254444042841593,0.8770440349321256,10.031679008547872,2.3620428959528605,0.9429599342746562
babble,15,universal,db8,6,30,-2.432245494490432,1.0128978434548546,-0.3365269144376119,0.1793523413746801,-0.06884599657010652,0.022901249839649918,7.59943351405744,2.0255159815152486,0.8741139377045497,10.031679008547872,2.3620428959528605,0.9429599342746562
babble,15,universal,sym8,3,30,-2.5396337966465405,0.9352599045328156,-0.28525180419286095,0.19421087640353002,-0.033192893253418614,0.017392018823183326,7.492045211901329,2.0767910917599997,0.9097670410212376,10.031679008547872,2.3620428959528605,0.9429599342746562
babble,15,universal,sym8,4,30,-2.26556503978398,0.9967046536940534,-0.32237990299860636,0.18525849415012724,-0.04109969875086882,0.018344933114425907,7.76611396876389,2.0396629929542542,0.9018602355237875,10.031679008547872,2.3620428959528605,0.9429599342746562
babble,15,universal,sym8,5,30,-2.3761810628128193,1.0104567566780744,-0.3275443355242411,0.18729764657291484,-0.06274818198767287,0.021404892922132532,7.655497945735052,2.034498560428619,0.8802117522869836,10.031679008547872,2.3620428959528605,0.9429599342746562
babble,15,universal,sym8,6,30,-2.384673493138154,1.0089656341073734,-0.3275684158007304,0.18723703472938188,-0.065980111276622,0.021852791996705992,7.647005515409718,2.03447448015213,0.8769798229980342,10.031679008547872,2.3620428959528605,0.9429599342746562
white,-5,level_dependent,db4,3,30,3.02397018962762,0.5879609422731926,0.04314630428949992,0.12860078627176666,-0.08162236539072888,0.040063665072160054,-3.422595730448065,1.3274655262629191,0.47537387797133235,-6.446565920075685,1.2843192219734192,0.5569962433620611
white,-5,level_dependent,db4,4,30,2.845090041994928,0.5231273899139982,-0.23638652960459391,0.08579016019707694,-0.19226785960907178,0.04257001007842799,-3.601475878080757,1.0479326923688252,0.3647283837529894,-6.446565920075685,1.2843192219734192,0.5569962433620611
white,-5,level_dependent,db4,5,30,3.419441734450708,0.5320550650508487,-0.2282042662302653,0.0869659361727738,-0.24838632506967387,0.04712136395900871,-3.027124185624977,1.056114955743154,0.30860991829238726,-6.446565920075685,1.2843192219734192,0.5569962433620611
white,-5,level_dependent,db4,6,30,4.079017622596134,0.5300615191300444,-0.1472209612528483,0.41877416095747927,-0.2646320967489848,0.052402629362159246,-2.3675482974795514,1.1370982607205709,0.2923641466130763,-6.446565920075685,1.2843192219734192,0.5569962433620611
white,-5,level_dependent,db8,3,30,3.099151785238821,0.6455500244549616,0.07675381898880004,0.16545794858062826,-0.08550347522949714,0.04232325653256243,-3.3474141348368636,1.3610730409622191,0.47149276813256397,-6.446565920075685,1.2843192219734192,0.5569962433620611
white,-5,level_dependent,db8,4,30,2.8143784361590387,0.5170910301982665,-0.25446179310480754,0.09015348953348636,-0.20317317763084417,0.04180951342680033,-3.6321874839166473,1.0298574288686118,0.3538230657312171,-6.446565920075685,1.2843192219734192,0.5569962433620611
white,-5,level_dependent,db8,5,30,3.412528346152049,0.5295804453497794,-0.16868501504262287,0.41814142133361515,-0.25428855090549457,0.04442389200247989,-3.034037573923636,1.1156342069307963,0.3027076924565667,-6.446565920075685,1.2843192219734192,0.5569962433620611
white,-5,level_dependent,db8,6,30,4.08037007508531,0.534825844612977,-0.07042405605316163,0.6900618622996515,-0.260617201147608,0.04349201243886968,-2.3661958449903753,1.2138951659202575,0.2963790422144531,-6.446565920075685,1.2843192219734192,0.5569962433620611
white,-5,level_dependent,sym8,3,30,3.1013386851920384,0.638616972159144,0.07136480808258057,0.172324660576766,-0.08364300451136049,0.04144848384643329,-3.345227234883646,1.3556840300559998,0.47335323885070063,-6.446565920075685,1.2843192219734192,0.5569962433620611
white,-5,level_dependent,sym8,4,30,2.826768330770029,0.5175542415687514,-0.2518743395805359,0.08913867759828578,-0.20169638988481553,0.04113915831119327,-3.6197975893056555,1.0324448823928833,0.3552998534772456,-6.446565920075685,1.2843192219734192,0.5569962433620611
white,-5,level_dependent,sym8,5,30,3.422860065295885,0.5442107785167686,-0.1878927191098531,0.4156129057575041,-0.2494416632065995,0.04756758031326782,-3.0237058547798,1.096426502863566,0.30755458015546167,-6.446565920075685,1.2843192219734192,0.5569962433620611
white,-5,level_dependent,sym8,6,30,4.118621743545261,0.5422451860591201,-0.15105701684951783,0.4994067385850545,-0.26194323649667206,0.0531563130603058,-2.3279441765304236,1.1332622051239014,0.2950530068653891,-6.446565920075685,1.2843192219734192,0.5569962433620611
white,-5,universal,db4,3,30,3.0401475975520698,0.5861737784128177,0.037485889593760174,0.12752200300969718,-0.07525610420893346,0.039270593090852145,-3.4064183225236153,1.3218051115671794,0.48174013915312763,-6.446565920075685,1.2843192219734192,0.5569962433620611
white,-5,universal,db4,4,30,2.9001141330400433,0.5265647084882875,-0.2271116296450297,0.08614851758387145,-0.16851717061479746,0.046279950666179855,-3.5464517870356413,1.0572075923283895,0.3884790727472637,-6.446565920075685,1.2843192219734192,0.5569962433620611
white,-5,universal,db4,5,30,3.47510155493678,0.5347667695866319,-0.22351669867833454,0.09165811976070468,-0.21326439613684228,0.05030359519261467,-2.9714643651389054,1.0608025232950846,0.3437318472252188,-6.446565920075685,1.2843192219734192,0.5569962433620611
white,-5,universal,db4,6,30,4.1358336494603325,0.5302378261937623,-0.2328176975250244,0.09060833416696633,-0.22486152825973252,0.05024321072686589,-2.310732270615353,1.0515015244483947,0.33213471510232867,-6.446565920075685,1.2843192219734192,0.5569962433620611
white,-5,universal,db8,3,30,3.1149958463783265,0.6414586107747959,0.06082377036412557,0.16471189198641206,-0.0770721025551914,0.038729893227239076,-3.331570073697358,1.3451429923375449,0.47992414080686974,-6.446565920075685,1.2843192219734192,0.5569962433620611
white,-5,universal,db8,4,30,2.8807262909225217,0.5215989214796777,-0.24207584460576376,0.09441260261762047,-0.17716906085536402,0.04266574767976876,-3.5658396291531633,1.0422433773676554,0.3798271825066971,-6.446565920075685,1.2843192219734192,0.5569962433620611
white,-5,universal,db8,5,30,3.480073321651202,0.5345933812844995,-0.24467872381210326,0.0926024837045009,-0.21831398684926373,0.0514145481720059,-2.966492598424483,1.0396404981613159,0.3386822565127974,-6.446565920075685,1.2843192219734192,0.5569962433620611
white,-5,universal,db8,6,30,4.1494553324013,0.5373730787743453,-0.22449490626653035,0.09527145775953672,-0.22162411575707175,0.05082501660002477,-2.297110587674386,1.0598243157068887,0.33537212760498947,-6.446565920075685,1.2843192219734192,0.5569962433620611
white,-5,universal,sym8,3,30,3.1185396229608497,0.6353480238295591,0.05449908971786499,0.1672001936155209,-0.07599181919369279,0.03970904601491101,-3.328026297114836,1.3388183116912842,0.4810044241683683,-6.446565920075685,1.2843192219734192,0.5569962433620611
white,-5,universal,sym8,4,30,2.8943228352122436,0.5169040691948383,-0.24394867420196534,0.09105826295525161,-0.17126798562325854,0.043724983815302904,-3.552243084863441,1.0403705477714538,0.3857282577388025,-6.446565920075685,1.2843192219734192,0.5569962433620611
white,-5,universal,sym8,5,30,3.4913851324094933,0.5446504835559217,-0.21780142386754353,0.18612165446065976,-0.21012890563931996,0.05113786494048789,-2.9551807876661917,1.0665177981058755,0.3468673377227411,-6.446565920075685,1.2843192219734192,0.5569962433620611
white,-5,universal,sym8,6,30,4.188529764245027,0.5417476129901366,-0.11681970357894897,0.591743936769825,-0.21892313553215945,0.05648317603133084,-2.2580361558306583,1.1674995183944703,0.33807310782990174,-6.446565920075685,1.2843192219734192,0.5569962433620611
white,0,level_dependent,db4,3,30,1.9496567191634306,0.7010258594250665,-0.04303527275721232,0.13518059112094732,-0.08954571185458556,0.038095820851541964,-1.520061648661425,1.3235034584999084,0.5631169557322874,-3.4697183678248553,1.3665387312571207,0.6526626675868733
white,0,level_dependent,db4,4,30,1.180066823119619,0.5999047010022512,-0.2904178261756897,0.09209528076598913,-0.19037011626996966,0.05181439235172584,-2.289651544705236,1.076120905081431,0.46229255131690344,-3.4697183678248553,1.3665387312571207,0.6526626675868733
white,0,level_dependent,db4,5,30,1.574615401035728,0.6496389177259823,-0.3034011522928874,0.09298135065368635,-0.23984496038862832,0.05533977163162055,-1.8951029667891275,1.0631375789642334,0.41281770719824495,-3.4697183678248553,1.3665387312571207,0.6526626675868733
white,0,level_dependent,db4,6,30,2.175520885597889,0.6844710391267016,-0.30279264052708943,0.09430480274256003,-0.25150485693279306,0.06640389706659477,-1.2941974822269666,1.0637460907300313,0.4011578106540801,-3.4697183678248553,1.3665387312571207,0.6526626675868733
white,0,level_dependent,db8,3,30,2.1010471916195743,0.8139083015258533,-0.03889851172765096,0.19165996827229875,-0.09696962631952764,0.03862715681023369,-1.3686711762052812,1.3276402195294699,0.5556930412673454,-3.4697183678248553,1.3665387312571207,0.6526626675868733
white,0,level_dependent,db8,4,30,1.1613789896825693,0.6096418534371455,-0.2989641865094503,0.12978600784826794,-0.20042354883433067,0.044715013010721893,-2.308339378142286,1.0675745447476706,0.45223911875254236,-3.4697183678248553,1.3665387312571207,0.6526626675868733
white,0,level_dependent,db8,5,30,1.5892147189369947,0.666598839634674,-0.31220585902531944,0.09922572302756669,-0.2454063562725624,0.04848768023736254,-1.8805036488878601,1.0543328722318013,0.4072563113143107,-3.4697183678248553,1.3665387312571207,0.6526626675868733
white,0,level_dependent,db8,6,30,2.1897025085920188,0.7002685634843641,-0.2955939690272013,0.09942675497034986,-0.25409129428681615,0.06419712137665917,-1.2800158592328372,1.0709447622299195,0.39857137330005693,-3.4697183678248553,1.3665387312571207,0.6526626675868733
white,0,level_dependent,sym8,3,30,2.107875628670743,0.8083280409518813,-0.03938420613606771,0.18244027452445272,-0.09587666346775701,0.0385152534120426,-1.3618427391541121,1.327154525121053,0.556786004119116,-3.4697183678248553,1.3665387312571207,0.6526626675868733
white,0,level_dependent,sym8,4,30,1.1735417942672481,0.6058710883697231,-0.31063071091969807,0.09479906579368647,-0.19852792251716997,0.045921585260935635,-2.2961765735576076,1.0559080203374227,0.454134745069703,-3.4697183678248553,1.3665387312571207,0.6526626675868733
white,0,level_dependent,sym8,5,30,1.6063421406174845,0.6508731391598861,-0.3139541228612264,0.09556320648594333,-0.2489472924268518,0.053534518164141606,-1.8633762272073706,1.0525846083958943,0.40371537516002126,-3.4697183678248553,1.3665387312571207,0.6526626675868733
white,0,level_dependent,sym8,6,30,2.209587906523858,0.6793735640228589,-0.2979584773381551,0.09618908741397092,-0.2542231767129583,0.05474486706021726,-1.2601304613009967,1.0685802539189657,0.39843949087391484,-3.4697183678248553,1.3665387312571207,0.6526626675868733
white,0,universal,db4,3,30,2.0396785368678936,0.6861496603873936,-0.041709550221761066,0.1331171473441623,-0.07361858704016062,0.039464216397343245,-1.4300398309569613,1.3248291810353596,0.5790440805467124,-3.4697183678248553,1.3665387312571207,0.6526626675868733
white,0,universal,db4,4,30,1.434784844825137,0.5755106398373484,-0.24046949545542398,0.1002581043164938,-0.1418443305741034,0.055090145075946007,-2.0349335229997183,1.1260692358016968,0.5108183370127697,-3.4697183678248553,1.3665387312571207,0.6526626675868733
white,0,universal,db4,5,30,1.825344003992176,0.6102313627782181,-0.260442582766215,0.10104144735462403,-0.17812869130464926,0.061002902548959625,-1.644374363832679,1.1060961484909058,0.4745339762822238,-3.4697183678248553,1.3665387312571207,0.6526626675868733
white,0,universal,db4,6,30,2.4290727920330637,0.6410230160614246,-0.2694679339726766,0.09791785147732754,-0.17939903348251024,0.07382676956520638,-1.0406455757917914,1.0970707972844442,0.47326363410436284,-3.4697183678248553,1.3665387312571207,0.6526626675868733
white,0,universal,db8,3,30,2.1922651631188184,0.7916288931811667,-0.04224677880605062,0.1849533169865462,-0.08231818590857246,0.038246472584717146,-1.2774532047060367,1.3242919524510701,0.5703444816783007,-3.4697183678248553,1.3665387312571207,0.6526626675868733
white,0,universal,db8,4,30,1.4495408644542183,0.5945487752740263,-0.2743922591209412,0.10410824639698191,-0.1503119835086258,0.047712138975608755,-2.0201775033706375,1.0921464721361795,0.5023506840782473,-3.4697183678248553,1.3665387312571207,0.6526626675868733
white,0,universal,db8,5,30,1.8748448756613334,0.6341089288920727,-0.2707158843676249,0.10572720258677742,-0.18533131964297384,0.05507812825893734,-1.594873492163522,1.095822846889496,0.4673313479438993,-3.4697183678248553,1.3665387312571207,0.6526626675868733
white,0,universal,db8,6,30,2.4786843159627847,0.6627122415526054,-0.26374574104944865,0.10304320938052285,-0.18760839339230984,0.06816066616943284,-0.9910340518620707,1.102792990207672,0.4650542741945633,-3.4697183678248553,1.3665387312571207,0.6526626675868733
white,0,universal,sym8,3,30,2.199917820556386,0.7874650903421041,-0.03843389352162679,0.17941959743493444,-0.08102708930321732,0.03654416109741168,-1.2698005472684692,1.328104837735494,0.5716355782836559,-3.4697183678248553,1.3665387312571207,0.6526626675868733
white,0,universal,sym8,4,30,1.4532455070396264,0.5875050872743909,-0.2726792573928833,0.10070551989676911,-0.1456224787164865,0.04708024873929904,-2.016472860785229,1.0938594738642375,0.5070401888703866,-3.4697183678248553,1.3665387312571207,0.6526626675868733
white,0,universal,sym8,5,30,1.8835765629271828,0.6183508630343929,-0.27312902609507245,0.10023089480716155,-0.18135667517748116,0.05472028818216941,-1.5861418048976725,1.0934097051620484,0.47130599240939186,-3.4697183678248553,1.3665387312571207,0.6526626675868733
white,0,universal,sym8,6,30,2.490031607181921,0.638955477130923,-0.2668802460034688,0.09681233763944569,-0.18192141447602056,0.06406844366133616,-0.9796867606429348,1.099658485253652,0.47074125311085263,-3.4697183678248553,1.3665387312571207,0.6526626675868733
white,5,level_dependent,db4,3,30,0.19347113974300365,0.7829713435121889,-0.1553574283917745,0.15000877813022728,-0.0889724372081177,0.03408290354179984,0.29740395095664807,1.3577889561653138,0.6578408240025007,0.10393281121364434,1.5131463845570883,0.7468132612106183
white,5,level_dependent,db4,4,30,-1.0140638172728087,0.7735569677440091,-0.3701220552126567,0.09810742579645533,-0.17169544848808016,0.05105547611356623,-0.9101310060591641,1.1430243293444315,0.5751178127225381,0.10393281121364434,1.5131463845570883,0.7468132612106183
white,5,level_dependent,db4,5,30,-0.7532041042547942,0.8113963913378222,-0.39013510942459106,0.10173193859715852,-0.22676619337107531,0.06712337112551418,-0.6492712930411499,1.1230112751324972,0.5200470678395431,0.10393281121364434,1.5131463845570883,0.7468132612106183
white,5,level_dependent,db4,6,30,-0.3061504513940359,0.8489819297960448,-0.40002742211023967,0.10295662320257212,-0.2269556951582962,0.07177465151371008,-0.2022176401803916,1.1131189624468485,0.5198575660523223,0.10393281121364434,1.5131463845570883,0.7468132612106183
white,5,level_dependent,db8,3,30,0.4323433274381451,0.9195998552446968,-0.15775203307469685,0.19383503878087233,-0.0872835010736161,0.030567223340489617,0.5362761386517895,1.3553943514823914,0.6595297601370024,0.10393281121364434,1.5131463845570883,0.7468132612106183
white,5,level_dependent,db8,4,30,-1.0136353551673072,0.7712502994529822,-0.405491836865743,0.10463635813096837,-0.17628223582544672,0.048891705243185306,-0.909702543953663,1.1076545476913453,0.5705310253851718,0.10393281121364434,1.5131463845570883,0.7468132612106183
white,5,level_dependent,db8,5,30,-0.711325113548045,0.8158375176083035,-0.4030991236368815,0.1039125221648245,-0.2314144812500421,0.06129670991438522,-0.6073923023344007,1.1100472609202068,0.5153987799605763,0.10393281121364434,1.5131463845570883,0.7468132612106183
white,5,level_dependent,db8,6,30,-0.26030583050996153,0.8542434750533404,-0.4037442445755005,0.10425298178856891,-0.23330190220800148,0.06924914225179521,-0.15637301929631714,1.1094021399815877,0.5135113590026169,0.10393281121364434,1.5131463845570883,0.7468132612106183
white,5,level_dependent,sym8,3,30,0.4451066007662969,0.9228671708567189,-0.15462295611699423,0.1888625959505663,-0.08934908616169487,0.03164666052663428,0.5490394119799411,1.358523428440094,0.6574641750489236,0.10393281121364434,1.5131463845570883,0.7468132612106183
white,5,level_dependent,sym8,4,30,-0.99961130257956,0.7913072257326951,-0.4026647567749023,0.09986051546840173,-0.17615061316952224,0.04597820591803983,-0.8956784913659156,1.1104816277821858,0.5706626480410962,0.10393281121364434,1.5131463845570883,0.7468132612106183
white,5,level_dependent,sym8,5,30,-0.7012670224039579,0.8213166661467627,-0.39916261831919353,0.09870703044992624,-0.22900949360878134,0.060577754990235815,-0.5973342111903137,1.1139837662378946,0.5178037676018371,0.10393281121364434,1.5131463845570883,0.7468132612106183
white,5,level_dependent,sym8,6,30,-0.2365477696033011,0.8779950237901545,-0.39927956263224285,0.09816591353722735,-0.23022407432825862,0.0690707286507045,-0.13261495838965673,1.1138668219248453,0.5165891868823598,0.10393281121364434,1.5131463845570883,0.7468132612106183
white,5,universal,db4,3,30,0.4792523700663854,0.7417286084291376,-0.11862147251764933,0.14821198420094794,-0.06793294960538844,0.03156294197116178,0.5831851812800295,1.394524912039439,0.6788803116052301,0.10393281121364434,1.5131463845570883,0.7468132612106183
white,5,universal,db4,4,30,-0.3528826304216423,0.6793642923880137,-0.27793174187342323,0.1162081464637441,-0.11361962010798109,0.045277508935546266,-0.24894981920799794,1.235214642683665,0.6331936411026374,0.10393281121364434,1.5131463845570883,0.7468132612106183
white,5,universal,db4,5,30,-0.10743899089761179,0.6995710191799637,-0.29915864070256554,0.11544860786274981,-0.1515268204884436,0.059095630663892576,-0.003506179683967436,1.2139877438545228,0.5952864407221748,0.10393281121364434,1.5131463845570883,0.7468132612106183
white,5,universal,db4,6,30,0.3435787911095208,0.7299343578347474,-0.3214699665705363,0.11216449219191614,-0.14586098941647765,0.06497881219686444,0.44751160232316506,1.191676417986552,0.6009522717941407,0.10393281121364434,1.5131463845570883,0.7468132612106183
white,5,universal,db8,3,30,0.7137873218772555,0.8551679405056196,-0.12026966015497843,0.19360591815989203,-0.06679756343606763,0.027923607048635155,0.8177201330909,1.3928767244021099,0.6800156977745506,0.10393281121364434,1.5131463845570883,0.7468132612106183
white,5,universal,db8,4,30,-0.282140018472651,0.6820207587473254,-0.3156965017318726,0.12121370066815981,-0.11773811377403512,0.04430998727244309,-0.1782072072590067,1.1974498828252156,0.6290751474365831,0.10393281121364434,1.5131463845570883,0.7468132612106183
white,5,universal,db8,5,30,0.002489095239317294,0.7093611425533491,-0.3053668141365051,0.11854275710092665,-0.1561499614332007,0.05325418229186061,0.10642190645296165,1.2077795704205831,0.5906632997774177,0.10393281121364434,1.5131463845570883,0.7468132612106183
white,5,universal,db8,6,30,0.45926519783003633,0.7394374008437106,-0.3120836695035299,0.1181469921880896,-0.15046439820282564,0.06146923384121786,0.5631980090436807,1.2010627150535584,0.5963488630077928,0.10393281121364434,1.5131463845570883,0.7468132612106183
white,5,universal,sym8,3,30,0.7248909364290125,0.8536470998420311,-0.12287062406539917,0.18844651037733182,-0.06943788595055374,0.027921439896232764,0.8288237476426568,1.390275760491689,0.6773753752600645,0.10393281121364434,1.5131463845570883,0.7468132612106183
white,5,universal,sym8,4,30,-0.2693603700462866,0.6958592697308156,-0.3155072291692098,0.11800739680787188,-0.11716129757786682,0.03879921134575535,-0.1654275588326423,1.1976391553878785,0.6296519636327516,0.10393281121364434,1.5131463845570883,0.7468132612106183
white,5,universal,sym8,5,30,0.011739953026342974,0.7085265435233158,-0.3109456777572632,0.10733551417146435,-0.1552628844431038,0.05014657657748872,0.11567276423998735,1.202200706799825,0.5915503767675145,0.10393281121364434,1.5131463845570883,0.7468132612106183
white,5,universal,sym8,6,30,0.4822656070764802,0.7584268817233056,-0.3191969394683838,0.10777305377830253,-0.1501028887063761,0.057947009917804035,0.5861984182901244,1.1939494450887045,0.5967103725042424,0.10393281121364434,1.5131463845570883,0.7468132612106183
white,10,level_dependent,db4,3,30,-1.8151796759496472,0.9362759860285603,-0.303937832514445,0.1643802779987907,-0.08847613868195708,0.03470112655371383,2.243046744780529,1.449869978427887,0.7426328276692689,4.058226420730177,1.7538078109423318,0.8311089663512257
white,10,level_dependent,db4,4,30,-3.3470087312397228,1.0803203583792118,-0.5028762102127076,0.12552207464060147,-0.1567068784042367,0.05291204464031834,0.7112176894904525,1.2509316007296245,0.6744020879469892,4.058226420730177,1.7538078109423318,0.8311089663512257
white,10,level_dependent,db4,5,30,-3.3139580815404326,1.129258389384379,-0.5328277031580607,0.126866647150484,-0.21311683279645036,0.06662356800586008,0.7442683391897433,1.2209801077842712,0.6179921335547756,4.058226420730177,1.7538078109423318,0.8311089663512257
white,10,level_dependent,db4,6,30,-3.0443937405870964,1.1756943499012122,-0.5572738369305928,0.1288916797052378,-0.213851846406689,0.0711340300970791,1.0138326801430797,1.196533974011739,0.6172571199445369,4.058226420730177,1.7538078109423318,0.8311089663512257
white,10,level_dependent,db8,3,30,-1.502766366850906,1.0334526123368208,-0.30655084053675336,0.21422875908064515,-0.0848068095082933,0.03167358630465804,2.55546005387927,1.4472569704055787,0.7463021568429326,4.058226420730177,1.7538078109423318,0.8311089663512257
white,10,level_dependent,db8,4,30,-3.3379028404214215,1.086125492433917,-0.545766019821167,0.12688630109151852,-0.160390106631516,0.0516360090798511,0.720323580308755,1.208041791121165,0.67071885971971,4.058226420730177,1.7538078109423318,0.8311089663512257
white,10,level_dependent,db8,5,30,-3.252774315861397,1.1332833208939823,-0.548604949315389,0.12381188498395178,-0.22174597159649995,0.06425386119282252,0.8054521048687792,1.205202861626943,0.609362994754726,4.058226420730177,1.7538078109423318,0.8311089663512257
white,10,level_dependent,db8,6,30,-2.977653704612648,1.1790828013200287,-0.5546703259150187,0.12459574375908049,-0.22032154677338586,0.07198452207126028,1.0805727161175278,1.1991374850273133,0.61078741957784,4.058226420730177,1.7538078109423318,0.8311089663512257
white,10,level_dependent,sym8,3,30,-1.4808332738211434,1.0299534460875297,-0.30729859670003257,0.21021558530616694,-0.08336007110621103,0.03226947771246837,2.577393146909033,1.4465092142422995,0.7477488952450149,4.058226420730177,1.7538078109423318,0.8311089663512257
white,10,level_dependent,sym8,4,30,-3.3025601563854363,1.1002267723924883,-0.5437012235323588,0.12650396613995682,-0.1556424817208388,0.05081435876801753,0.7556662643447402,1.2101065874099732,0.6754664846303872,4.058226420730177,1.7538078109423318,0.8311089663512257
white,10,level_dependent,sym8,5,30,-3.2250021043755743,1.1451569420969447,-0.5449517528216045,0.12341313879759887,-0.21200476845098137,0.0632851527834327,0.8332243163546017,1.2088560581207275,0.6191041979002445,4.058226420730177,1.7538078109423318,0.8311089663512257
white,10,level_dependent,sym8,6,30,-2.963763016123195,1.186094694195239,-0.5509950995445252,0.12425540028653978,-0.21138366438890402,0.07039162893255765,1.0944634046069828,1.2028127113978069,0.619725301962322,4.058226420730177,1.7538078109423318,0.8311089663512257
white,10,universal,db4,3,30,-1.2607671931141036,0.8367261338479047,-0.23380502462387084,0.16633485914317692,-0.06798482309521466,0.030191327734579564,2.7974592276160726,1.520002786318461,0.7631241432560113,4.058226420730177,1.7538078109423318,0.8311089663512257
white,10,universal,db4,4,30,-2.1838666646680887,0.829939894202405,-0.37293099959691367,0.14406536470747663,-0.10431942191204151,0.0395015063445917,1.874359756062087,1.3808768113454184,0.7267895444391843,4.058226420730177,1.7538078109423318,0.8311089663512257
white,10,universal,db4,5,30,-2.165457076073623,0.8743178809575679,-0.39106876055399575,0.1437960900728354,-0.1418938163221411,0.046472468284399854,1.892769344656553,1.362739050388336,0.6892151500290847,4.058226420730177,1.7538078109423318,0.8311089663512257
white,10,universal,db4,6,30,-1.893912570698158,0.9178627777176896,-0.4239425539970398,0.14216895086363934,-0.1379603912074148,0.04831542791088839,2.164313850032019,1.3298652569452922,0.693148575143811,4.058226420730177,1.7538078109423318,0.8311089663512257
white,10,universal,db8,3,30,-0.9281573525373054,0.9007930931619629,-0.22992839018503824,0.21826170854138213,-0.06383404693983813,0.02752338757469157,3.1300690681928702,1.5238794207572937,0.7672749194113878,4.058226420730177,1.7538078109423318,0.8311089663512257
white,10,universal,db8,4,30,-2.0168559783990014,0.8342411467911737,-0.40303069750467935,0.16058929440283698,-0.10144810429825993,0.035422450439763616,2.041370442331175,1.3507771134376525,0.729660862052966,4.058226420730177,1.7538078109423318,0.8311089663512257
white,10,universal,db8,5,30,-1.9656495078725402,0.8772829618089064,-0.38837677637736,0.15424783238686948,-0.1416634766053088,0.0400921515683027,2.092576912857636,1.3654310345649718,0.689445489745917,4.058226420730177,1.7538078109423318,0.8311089663512257
white,10,universal,db8,6,30,-1.6847792720422903,0.9177471126679829,-0.39360746145248415,0.15475992378330733,-0.1355861394823024,0.0451956455106867,2.3734471486878865,1.3602003494898478,0.6955228268689236,4.058226420730177,1.7538078109423318,0.8311089663512257
white,10,universal,sym8,3,30,-0.9115926500948313,0.8953497887429656,-0.23433206081390381,0.21702450449794405,-0.06237936561562134,0.027111597319129023,3.146633770635345,1.5194757501284282,0.7687296007356047,4.058226420730177,1.7538078109423318,0.8311089663512257
white,10,universal,sym8,4,30,-1.987968999195761,0.8346493341022149,-0.40440120299657184,0.15724860130432042,-0.09784930910064268,0.03415014623920677,2.070257421534415,1.34940660794576,0.7332596572505833,4.058226420730177,1.7538078109423318,0.8311089663512257
white,10,universal,sym8,5,30,-1.9377178748687025,0.8801165775750928,-0.3953351934750875,0.15227175081092553,-0.1360540985805015,0.04017977434232993,2.120508545861474,1.3584726174672446,0.6950548677707243,4.058226420730177,1.7538078109423318,0.8311089663512257
white,10,universal,sym8,6,30,-1.6702400778713558,0.9177841822615271,-0.40229066610336306,0.15163177602006972,-0.1294696213566989,0.042652164903095854,2.3879863428588197,1.351517144838969,0.7016393449945272,4.058226420730177,1.7538078109423318,0.8311089663512257
white,15,level_dependent,db4,3,30,-4.236659334396058,1.1012624015785692,-0.5107032497723897,0.2049376591399493,-0.08212964367923217,0.036608408415554586,4.1924219024873155,1.5896874030431112,0.8079519951872223,8.429081236883373,2.1003906528155007,0.8900816388664542
white,15,level_dependent,db4,4,30,-6.114461564231613,1.3953490457683548,-0.7161053776741028,0.16301605504374278,-0.1459233072279502,0.0508595590473575,2.3146196726517587,1.384285275141398,0.7441583316385039,8.429081236883373,2.1003906528155007,0.8900816388664542
white,15,level_dependent,db4,5,30,-6.2933772559292915,1.444182888656466,-0.7632089654604594,0.1603146834905354,-0.19591660569337502,0.06343181303444152,2.135703980954081,1.3371816873550415,0.6941650331730792,8.429081236883373,2.1003906528155007,0.8900816388664542
white,15,level_dependent,db4,6,30,-6.178074407950938,1.4671429706296284,-0.7891904195149739,0.1629133773704658,-0.1948187280955507,0.06582783174436854,2.2510068289324354,1.311200233300527,0.6952629107709037,8.429081236883373,2.1003906528155007,0.8900816388664542
white,15,level_dependent,db8,3,30,-3.849252101367275,1.141292452113626,-0.5199617385864258,0.26306835412733004,-0.0777847841342664,0.032816383638877615,4.579829135516099,1.580428914229075,0.8122968547321877,8.429081236883373,2.1003906528155007,0.8900816388664542
white,15,level_dependent,db8,4,30,-6.1014251481015425,1.3971954334462218,-0.7622434496879578,0.16901570492894802,-0.14318905294834955,0.05011240272071649,2.327656088781832,1.3381472031275432,0.7468925859181048,8.429081236883373,2.1003906528155007,0.8900816388664542
white,15,level_dependent,db8,5,30,-6.2329273508465945,1.4453372099932194,-0.7733730832735698,0.1581083816158842,-0.19883857178455785,0.06166050361298417,2.1961538860367793,1.327017569541931,0.6912430670818962,8.429081236883373,2.1003906528155007,0.8900816388664542
white,15,level_dependent,db8,6,30,-6.110137832145786,1.4685935499135585,-0.7778014779090882,0.15834004961952805,-0.19529311377009753,0.06476821309287613,2.3189434047375874,1.3225891749064127,0.6947885250963568,8.429081236883373,2.1003906528155007,0.8900816388664542
white,15,level_dependent,sym8,3,30,-3.7932606705489955,1.1463602871118372,-0.5165417512257894,0.25804909680590626,-0.07519494921575154,0.03087600297553874,4.6358205663343774,1.5838489015897115,0.8148866896507027,8.429081236883373,2.1003906528155007,0.8900816388664542
white,15,level_dependent,sym8,4,30,-6.0100088221492065,1.420176513726423,-0.7510363499323527,0.167326332291335,-0.13676405664977673,0.04626812789863855,2.4190724147341665,1.3493543028831483,0.7533175822166773,8.429081236883373,2.1003906528155007,0.8900816388664542
white,15,level_dependent,sym8,5,30,-6.1651858956891346,1.4505769151033325,-0.7622772534688314,0.15969048749991602,-0.19347070498487035,0.06013297800022506,2.2638953411942384,1.3381133993466696,0.6966109338815839,8.429081236883373,2.1003906528155007,0.8900816388664542
white,15,level_dependent,sym8,6,30,-6.041303804557182,1.478661973104567,-0.7668628692626953,0.15938353772464936,-0.18902628060497306,0.06328708678679551,2.387777432326192,1.3335277835528057,0.7010553582614812,8.429081236883373,2.1003906528155007,0.8900816388664542
white,15,universal,db4,3,30,-3.321617052315416,0.901474982025888,-0.39900207916895547,0.22302721972131292,-0.0628327968592194,0.02985204350011551,5.107464184567958,1.7013885736465455,0.8272488420072348,8.429081236883373,2.1003906528155007,0.8900816388664542
white,15,universal,db4,4,30,-4.322042762192098,0.8822272929400192,-0.5225980083147684,0.19681703354806163,-0.09101242354745365,0.030256660713849762,4.107038474691276,1.5777926445007324,0.7990692153190007,8.429081236883373,2.1003906528155007,0.8900816388664542
white,15,universal,db4,5,30,-4.494812527806687,0.9260797581905462,-0.5616655945777893,0.1939618127554094,-0.11999591746948754,0.03392454452160459,3.934268709076687,1.5387250582377117,0.7700857213969668,8.429081236883373,2.1003906528155007,0.8900816388664542
white,15,universal,db4,6,30,-4.381551982966263,0.946137934172863,-0.5920315583546957,0.19337355391953878,-0.11690388222774359,0.03470421119346844,4.0475292539171095,1.5083590944608052,0.7731777566387108,8.429081236883373,2.1003906528155007,0.8900816388664542
white,15,universal,db8,3,30,-2.9420520039335116,0.920874981391288,-0.4078866958618164,0.2818265758580306,-0.05870316566611214,0.026233469044565597,5.487029232949861,1.6925039569536844,0.8313784732003421,8.429081236883373,2.1003906528155007,0.8900816388664542
white,15,universal,db8,4,30,-4.098624264461655,0.8719619593012137,-0.53697110414505,0.22390974774633188,-0.083563178898746,0.027503802399955764,4.330456972421717,1.5634195486704507,0.8065184599677081,8.429081236883373,2.1003906528155007,0.8900816388664542
white,15,universal,db8,5,30,-4.256062390849447,0.9192297302378513,-0.5392433683077494,0.21651324701361474,-0.11704319537240013,0.032403269390035856,4.173018846033925,1.5611472845077514,0.7730384434940542,8.429081236883373,2.1003906528155007,0.8900816388664542
white,15,universal,db8,6,30,-4.129414185768353,0.94097255967844,-0.5427979946136474,0.21665707121864428,-0.11260957005244113,0.03377860773075005,4.299667051115019,1.5575926582018533,0.7774720688140131,8.429081236883373,2.1003906528155007,0.8900816388664542
white,15,universal,sym8,3,30,-2.9058875704030105,0.9263550892260282,-0.4081344723701477,0.274481914695401,-0.05752608470446955,0.026032182174970914,5.5231936664803625,1.692256180445353,0.8325555541619846,8.429081236883373,2.1003906528155007,0.8900816388664542
white,15,universal,sym8,4,30,-4.048560459262862,0.882832684704724,-0.5371529857317606,0.22062141451742728,-0.08010232072674048,0.02735308409386782,4.380520777620512,1.5632376670837402,0.8099793181397136,8.429081236883373,2.1003906528155007,0.8900816388664542
white,15,universal,sym8,5,30,-4.220980610827203,0.9180524748577031,-0.5390726606051127,0.2137244783493624,-0.11433864964988628,0.03180047585429195,4.20810062605617,1.5613179922103881,0.7757429892165679,8.429081236883373,2.1003906528155007,0.8900816388664542
white,15,universal,sym8,6,30,-4.092325074545809,0.9436326253372128,-0.5425375739733378,0.2133778367733758,-0.10986336272368129,0.032933396266570804,4.336756162337564,1.5578530788421632,0.780218276142773,8.429081236883373,2.1003906528155007,0.8900816388664542
