noise,variant,wavelet,level,n,d_segsnr_mean,d_segsnr_std,d_pesq_mean,d_pesq_std,d_stoi_mean,d_stoi_std,segsnr_out_mean,pesq_out_mean,stoi_out_mean,segsnr_noisy_mean,pesq_noisy_mean,stoi_noisy_mean
babble,level_dependent,db4,3,150,-2.3701021146266013,2.719547756448405,-0.340335644086202,0.28170965311465956,-0.08508458357526726,0.03406637862065921,-0.43624512856653835,1.4053112737337747,0.6711672680171679,1.933856986060063,1.7456469178199767,0.7562518515924351
babble,level_dependent,db4,4,150,-2.2127439715004544,3.90447398322247,-0.5551632301012674,0.2984823481371542,-0.19172719615056205,0.04618805882130005,-0.2788869854403916,1.1904836877187093,0.5645246554418731,1.933856986060063,1.7456469178199767,0.7562518515924351
babble,level_dependent,db4,5,150,-1.4455051130965269,4.607998711908657,-0.5665991870562236,0.3570926956161937,-0.2449083465953719,0.05598098468121575,0.48835187296353655,1.1790477307637532,0.5113435049970634,1.933856986060063,1.7456469178199767,0.7562518515924351
babble,level_dependent,db4,6,150,-1.3524409710490197,4.688495687868664,-0.5638742685317993,0.4647170306543733,-0.2595684508819926,0.06088875914185557,0.5814160150110436,1.1817726492881775,0.49668340071044254,1.933856986060063,1.7456469178199767,0.7562518515924351
babble,level_dependent,db8,3,150,-2.194306964238119,2.610230163171721,-0.3366855764389038,0.298062469813827,-0.08495668391646911,0.03447531006911306,-0.2604499781780562,1.408961341381073,0.671295167675966,1.933856986060063,1.7456469178199767,0.7562518515924351
babble,level_dependent,db8,4,150,-2.0989346450301594,3.9547032683860612,-0.5749200900395711,0.31331566130264993,-0.18932238426284845,0.04594147990300204,-0.16507765897009632,1.1707268277804057,0.5669294673295868,1.933856986060063,1.7456469178199767,0.7562518515924351
babble,level_dependent,db8,5,150,-1.3495916444924523,4.646119251498728,-0.5862569387753804,0.3222566286126918,-0.2537245679655558,0.055064049275998866,0.584265341567611,1.1593899790445963,0.5025272836268793,1.933856986060063,1.7456469178199767,0.7562518515924351
babble,level_dependent,db8,6,150,-1.3316298921998373,4.665135504158315,-0.5914759039878845,0.3172138293337367,-0.26509496583322945,0.06009954050388403,0.6022270938602259,1.1541710138320922,0.49115688575920574,1.933856986060063,1.7456469178199767,0.7562518515924351
babble,level_dependent,sym8,3,150,-2.176847928208654,2.595881054190671,-0.33520844221115115,0.2904650984420003,-0.0837558285588058,0.033018857342245585,-0.24299094214859082,1.4104384756088257,0.6724960230336294,1.933856986060063,1.7456469178199767,0.7562518515924351
babble,level_dependent,sym8,4,150,-2.062460686032526,3.9476240961031093,-0.5730021786689758,0.3079383549150788,-0.18777723412477235,0.046000388497347194,-0.12860369997246324,1.1726447391510009,0.5684746174676627,1.933856986060063,1.7456469178199767,0.7562518515924351
babble,level_dependent,sym8,5,150,-1.3327448731978007,4.633128132238246,-0.5810005036989848,0.32652253727549074,-0.24894500126612093,0.0533873043404108,0.6011121128622625,1.164646414120992,0.5073068503263143,1.933856986060063,1.7456469178199767,0.7562518515924351
babble,level_dependent,sym8,6,150,-1.313422269567011,4.652644606871855,-0.5832980664571127,0.32595919936074763,-0.26251189971335426,0.05847568606980505,0.6204347164930522,1.1623488513628641,0.49373995187908104,1.933856986060063,1.7456469178199767,0.7562518515924351
babble,universal,db4,3,150,-0.7530576965914453,1.5184225599029546,-0.1227315624554952,0.15329334561883431,-0.03554437906606672,0.02489877819586371,1.180799289468618,1.6229153553644815,0.7207074725263684,1.933856986060063,1.7456469178199767,0.7562518515924351
babble,universal,db4,4,150,-0.16322197816440612,1.7222683179236948,-0.1627557635307312,0.1579900241618814,-0.054280270985810924,0.02719992667924921,1.7706350078956572,1.5828911542892456,0.7019715806066242,1.933856986060063,1.7456469178199767,0.7562518515924351
babble,universal,db4,5,150,-0.09678944373127357,1.8314564824079564,-0.1821226167678833,0.16565251669133457,-0.07217149627883743,0.028926395837539375,1.8370675423287897,1.5635243010520936,0.6840803553135978,1.933856986060063,1.7456469178199767,0.7562518515924351
babble,universal,db4,6,150,-0.10272142544431798,1.8396037733842392,-0.1833339023590088,0.166048811843217,-0.0745896482434308,0.029403653609729557,1.8311355606157451,1.5623130154609681,0.6816622033490044,1.933856986060063,1.7456469178199767,0.7562518515924351
babble,universal,db8,3,150,-0.5658621430385053,1.3563779144940105,-0.10653019428253174,0.16093191843334825,-0.03233211296915175,0.02184869965083146,1.3679948430215578,1.639116723537445,0.7239197386232835,1.933856986060063,1.7456469178199767,0.7562518515924351
babble,universal,db8,4,150,-0.005667341301093872,1.5344462900948006,-0.1451616923014323,0.15844676410804343,-0.04167336208411932,0.02267409684869469,1.9281896447589695,1.6004852255185444,0.7145784895083158,1.933856986060063,1.7456469178199767,0.7562518515924351
babble,universal,db8,5,150,0.02852024253898128,1.62759963929252,-0.15246018568674724,0.15717221713760496,-0.06443554050266148,0.026082786563568883,1.9623772285990442,1.5931867321332296,0.6918163110897736,1.933856986060063,1.7456469178199767,0.7562518515924351
babble,universal,db8,6,150,0.02579161098227411,1.6302471415047912,-0.15240944465001424,0.157165867538929,-0.06631011442416321,0.02614923340015769,1.9596485970423374,1.5932374731699626,0.689941737168272,1.933856986060063,1.7456469178199767,0.7562518515924351
babble,universal,sym8,3,150,-0.5466858955723753,1.3368247605281882,-0.10495955626169841,0.15896372003863565,-0.03137729072063057,0.021210724749049593,1.387171090487688,1.6406873615582784,0.7248745608718046,1.933856986060063,1.7456469178199767,0.7562518515924351
babble,universal,sym8,4,150,0.018525937114604787,1.516414041399363,-0.14045201857884726,0.1568611167702758,-0.040030518074372516,0.022734419519630938,1.952382923174668,1.6051948992411296,0.7162213335180627,1.933856986060063,1.7456469178199767,0.7562518515924351
babble,universal,sym8,5,150,0.045149649605678764,1.6003581196854109,-0.1493193531036377,0.1585973011504367,-0.06268569583615786,0.025940069852065577,1.9790066356657416,1.596327564716339,0.6935661557562772,1.933856986060063,1.7456469178199767,0.7562518515924351
babble,universal,sym8,6,150,0.04241687238196314,1.6030475463232616,-0.1493508768081665,0.15858353764171715,-0.06493244489941463,0.026136272633433766,1.976273858442026,1.5962960410118103,0.6913194066930206,1.933856986060063,1.7456469178199767,0.7562518515924351
white,level_dependent,db4,3,150,-0.1769481923623304,2.7475008675075916,-0.19397749582926432,0.2518520595014176,-0.08614925936292428,0.036449473154261065,0.35804304382300023,1.4096630644798278,0.6493832961125222,0.5349912361853306,1.6036405603090922,0.7355325554754466
white,level_dependent,db4,4,150,-1.2900754495259197,3.327258273638598,-0.4231815997759501,0.20710186301661312,-0.17139272199986172,0.052585529315831665,-0.7550842133405891,1.1804589605331421,0.5641398334755848,0.5349912361853306,1.6036405603090922,0.7355325554754466
white,level_dependent,db4,5,150,-1.0732964612476166,3.5934865045345994,-0.44355543931325275,0.22214473321621586,-0.22480618346384057,0.06249779795663909,-0.538305225062286,1.1600851209958394,0.510726372011606,0.5349912361853306,1.6036405603090922,0.7355325554754466
white,level_dependent,db4,6,150,-0.6548160183476095,3.7967538849033997,-0.43930105606714887,0.3082467247354892,-0.23035264466846272,0.06972538206226495,-0.11982478216227885,1.1643395042419433,0.5051799108069838,0.5349912361853306,1.6036405603090922,0.7355325554754466
white,level_dependent,db8,3,150,0.056104767215671834,2.6704048866534493,-0.18928186098734537,0.29322561044015877,-0.08646963925304012,0.03555290631740167,0.5910960034010025,1.4143586993217467,0.6490629162224064,0.5349912361853306,1.6036405603090922,0.7355325554754466
white,level_dependent,db8,4,150,-1.2954411835697324,3.3124324218178938,-0.45338545719782514,0.22324880316125179,-0.1766916243740974,0.05231106628426904,-0.7604499473844019,1.150255103111267,0.5588409311013491,0.5349912361853306,1.6036405603090922,0.7355325554754466
white,level_dependent,db8,5,150,-1.0390567430333983,3.5703929653768034,-0.4411936060587565,0.2983793007279281,-0.23033878636183136,0.05909814437823371,-0.504065506848068,1.1624469542503357,0.5051937691136152,0.5349912361853306,1.6036405603090922,0.7355325554754466
white,level_dependent,db8,6,150,-0.6156049567182136,3.7729711561085693,-0.42044681469599404,0.4022718223849673,-0.2327250116371818,0.0670098880939345,-0.08061372053288288,1.183193745613098,0.5028075438382648,0.5349912361853306,1.6036405603090922,0.7355325554754466
white,level_dependent,sym8,3,150,0.07604539405178799,2.6529937834861292,-0.18929654041926067,0.28909108669700256,-0.085484754892555,0.035410399350472854,0.6110366302371185,1.4143440198898316,0.6500478005828916,0.5349912361853306,1.6036405603090922,0.7355325554754466
white,level_dependent,sym8,4,150,-1.262374031215385,3.290165441452864,-0.4519814761479696,0.21465309115611747,-0.17375629278842467,0.05190338025576879,-0.7273827950300544,1.1516590841611227,0.5617762626870219,0.5349912361853306,1.6036405603090922,0.7355325554754466
white,level_dependent,sym8,5,150,-1.0124505633110596,3.553688298822221,-0.4416476933161418,0.2909970922253355,-0.22657478453561686,0.060550290045866345,-0.4774593271257288,1.1619928669929505,0.5089577709398296,0.5349912361853306,1.6036405603090922,0.7355325554754466
white,level_dependent,sym8,6,150,-0.5826809880429112,3.7658121414351484,-0.43323060512542727,0.32452939516927937,-0.2293600865063532,0.06735515244308077,-0.04768975185758072,1.1704099551836649,0.5061724689690934,0.5349912361853306,1.6036405603090922,0.7355325554754466
white,universal,db4,3,150,0.19533885181136582,2.409953159616356,-0.15113044738769532,0.22246031229070726,-0.06952505216178331,0.03417629923585955,0.7303300879966966,1.4525101129213969,0.6660075033136633,0.5349912361853306,1.6036405603090922,0.7355325554754466
white,universal,db4,4,150,-0.5047786158833296,2.663008649522612,-0.3282083749771118,0.17244057156032155,-0.12386259335127543,0.0516751318116397,0.030212620302001073,1.2754321853319803,0.6116699621241711,0.5349912361853306,1.6036405603090922,0.7355325554754466
white,universal,db4,5,150,-0.293452607169793,2.927280124388117,-0.34717045545578,0.17964275878513503,-0.16096192834431272,0.05983296045593958,0.24153862901553766,1.2564701048533122,0.5745706271311338,0.5349912361853306,1.6036405603090922,0.7355325554754466
white,universal,db4,6,150,0.12660413578769927,3.131098160330706,-0.36794594208399456,0.18420084178412416,-0.16099716491877578,0.06705585418050533,0.66159537197303,1.2356946182250976,0.5745353905566709,0.5349912361853306,1.6036405603090922,0.7355325554754466
white,universal,db8,3,150,0.43016779498071694,2.3283448531335442,-0.14790155092875162,0.2647662985886397,-0.06974501290115635,0.032950955868720516,0.9651590311660476,1.4557390093803406,0.6657875425742903,0.5349912361853306,1.6036405603090922,0.7355325554754466
white,universal,db8,4,150,-0.4134706211913135,2.575819828228413,-0.35443328142166136,0.18110599962590293,-0.12604608826700614,0.05210397048138403,0.12152061499401723,1.2492072788874309,0.6094864672084405,0.5349912361853306,1.6036405603090922,0.7355325554754466
white,universal,db8,5,150,-0.17286092123402705,2.843805124149913,-0.34967631340026856,0.1781615593060764,-0.1637003879806294,0.05845001235725884,0.36213031495130354,1.2539642469088237,0.5718321674948171,0.5349912361853306,1.6036405603090922,0.7355325554754466
white,universal,db8,6,150,0.2546422776766954,3.0446821152365837,-0.3473459545771281,0.18211609132533813,-0.16157852337739012,0.06533071380903159,0.7896335138620261,1.2562946057319642,0.5739540320980565,0.5349912361853306,1.6036405603090922,0.7355325554754466
white,universal,sym8,3,150,0.4451736318896812,2.317421839319214,-0.1498543922106425,0.2614790543500516,-0.06927244895351095,0.03267685329155894,0.9801648680750119,1.4537861680984496,0.6662601065219356,0.5349912361853306,1.6036405603090922,0.7355325554754466
white,universal,sym8,4,150,-0.3916642972506077,2.5629376430699904,-0.35473786989847816,0.17865446894787615,-0.12240067834899901,0.05045415876379207,0.14332693893472293,1.248902690410614,0.6131318771264476,0.5349912361853306,1.6036405603090922,0.7355325554754466
white,universal,sym8,5,150,-0.15439936746657734,2.834180993446045,-0.3472567963600159,0.19225670788938698,-0.15942824269805855,0.05682827413082425,0.38059186871875333,1.2563837639490762,0.576104312777388,0.5349912361853306,1.6036405603090922,0.7355325554754466
white,universal,sym8,6,150,0.2796523652172526,3.044364251454002,-0.3295450258255005,0.32510986965342475,-0.15805608455898726,0.06437446499888459,0.8146436014025833,1.2740955344835918,0.5774764709164593,0.5349912361853306,1.6036405603090922,0.7355325554754466
