case,sentence,snr_in,variant,band,lambda,clean_energy_db,noise_energy_db,pct_kept,pct_kept_near_onset
example,sp01,5,universal,cA5,,-22.241891372037415,-5.3315434693842185,100.0,
example,sp01,5,universal,cD5,0.09062591522794557,1.6294234367974934,-5.714184617930982,8.47457627118644,
example,sp01,5,universal,cD4,0.09062591522794557,12.008740561980769,-2.3166404226121977,21.251629726205998,
example,sp01,5,universal,cD3,0.09062591522794557,6.317972617078892,0.32170803031762163,4.955983045321161,
example,sp01,5,universal,cD2,0.09062591522794557,6.237003448604071,3.568373118878629,2.282732757215066,
example,sp01,5,universal,cD1,0.09062591522794557,-2.6743364214483876,6.59546736287175,0.016306563391765186,
example,sp01,5,level_dependent,cA5,,-22.241891372037415,-5.3315434693842185,100.0,
example,sp01,5,level_dependent,cD5,0.13866425606735272,1.6294234367974934,-5.714184617930982,1.564537157757497,
example,sp01,5,level_dependent,cD4,0.16758192456430815,12.008740561980769,-2.3166404226121977,11.603650586701434,
example,sp01,5,level_dependent,cD3,0.11405870999064595,6.317972617078892,0.32170803031762163,3.0648842517117707,
example,sp01,5,level_dependent,cD2,0.10300093118226071,6.237003448604071,3.568373118878629,1.8424914397521603,
example,sp01,5,level_dependent,cD1,0.09062591522794557,-2.6743364214483876,6.59546736287175,0.016306563391765186,
plosive,sp13,5,universal,cA5,,-33.77413502578132,-2.8468993618913525,100.0,
plosive,sp13,5,universal,cD5,0.1286073992497836,-2.8891935322820044,-3.3198024171224807,0.28653295128939826,0.0
plosive,sp13,5,universal,cD4,0.1286073992497836,8.839139937291359,0.08730075055029513,10.03584229390681,0.0
plosive,sp13,5,universal,cD3,0.1286073992497836,12.479680101537152,3.0358790421943556,10.684833273574759,0.0
plosive,sp13,5,universal,cD2,0.1286073992497836,12.715600637633418,6.037047926577169,5.27165142549758,0.0
plosive,sp13,5,universal,cD1,0.1286073992497836,3.027386523191966,9.058326949373834,0.07172314864622557,0.0
plosive,sp13,5,level_dependent,cA5,,-33.77413502578132,-2.8468993618913525,100.0,
plosive,sp13,5,level_dependent,cD5,0.1475470082635553,-2.8891935322820044,-3.3198024171224807,0.0,0.0
plosive,sp13,5,level_dependent,cD4,0.1908634490567667,8.839139937291359,0.08730075055029513,4.587813620071684,0.0
plosive,sp13,5,level_dependent,cD3,0.1862638044457645,12.479680101537152,3.0358790421943556,5.916098960200788,0.0
plosive,sp13,5,level_dependent,cD2,0.15265302360614028,12.715600637633418,6.037047926577169,3.9985655370270754,0.0
plosive,sp13,5,level_dependent,cD1,0.1286073992497836,3.027386523191966,9.058326949373834,0.07172314864622557,0.0
