noise,snr_in,eta,n,d_segsnr_mean,d_segsnr_std,d_pesq_mean,d_pesq_std,d_stoi_mean,d_stoi_std,segsnr_out_mean,pesq_out_mean,stoi_out_mean,segsnr_noisy_mean,pesq_noisy_mean,stoi_noisy_mean
babble,-5,0.5,30,1.3721747218660154,0.5993045825956943,-0.05489331881205241,0.09716808968703539,-0.05532467795023409,0.019065970642775026,-3.865920590023596,1.2220481634140015,0.46059439451431905,-5.2380953118896105,1.2769414822260539,0.5159190724645532
babble,-5,0.9,30,1.8605185988408548,0.797888607827337,-0.07261737982432047,0.11276248611340964,-0.07926751432318814,0.023221380712411567,-3.377576713048756,1.2043241024017335,0.4366515581413651,-5.2380953118896105,1.2769414822260539,0.5159190724645532
babble,-5,0.95,30,2.101316452017905,0.8702209534251139,-0.07768607139587402,0.12049211779111256,-0.0947831789023381,0.0265674725840804,-3.1367788598717063,1.1992554108301798,0.42113589356221504,-5.2380953118896105,1.2769414822260539,0.5159190724645532
babble,-5,0.98,30,2.4345580455743105,0.9759378414304157,-0.07716546456019084,0.11915567792472659,-0.12186409473373584,0.030994479883841918,-2.8035372663153013,1.199776017665863,0.39405497773081744,-5.2380953118896105,1.2769414822260539,0.5159190724645532
babble,-5,0.99,30,2.6979757433064724,1.093268662507079,-0.06456902424494425,0.14066454331206074,-0.14749530211533562,0.035574112303248334,-2.540119568583139,1.2123724579811097,0.3684237703492176,-5.2380953118896105,1.2769414822260539,0.5159190724645532
babble,0,0.5,30,1.1295201582690415,0.42989977928700046,-0.03589785893758138,0.06323742795956387,-0.02298127347396724,0.018520220536308446,-1.0298067129216795,1.4047786633173625,0.633079943926647,-2.159326871190721,1.4406765222549438,0.6560612174006141
babble,0,0.9,30,1.4110156045473659,0.6009205775573784,-0.04010288715362549,0.07444268092452097,-0.04341955871798254,0.028292071586757766,-0.7483112666433546,1.4005736351013183,0.6126416586826317,-2.159326871190721,1.4406765222549438,0.6560612174006141
babble,0,0.95,30,1.4793184355482352,0.6703453377199826,-0.04931607643763224,0.08165642870917371,-0.05986144852840482,0.03384721931724239,-0.6800084356424854,1.3913604458173117,0.5961997688722094,-2.159326871190721,1.4406765222549438,0.6560612174006141
babble,0,0.98,30,1.5465580262944185,0.7561629807414648,-0.06365521748860677,0.09030965878703118,-0.08746729433983756,0.03964699205276883,-0.6127688448963021,1.377021304766337,0.5685939230607767,-2.159326871190721,1.4406765222549438,0.6560612174006141
babble,0,0.99,30,1.5850245600490651,0.8412800712871642,-0.08198311328887939,0.09855036800448079,-0.11520534938693339,0.04602282610695406,-0.5743023111416554,1.3586934089660645,0.5408558680136809,-2.159326871190721,1.4406765222549438,0.6560612174006141
babble,5,0.5,30,0.9650251659273087,0.5064688278589227,-0.01720793644587199,0.08191578131284306,-0.006692057054223677,0.013803266285256369,2.41748651566282,1.6455105264981589,0.7763677853187977,1.452461349735511,1.6627184629440308,0.7830598423730213
babble,5,0.9,30,1.1043942182112714,0.651627628562748,-0.02010085980097453,0.09321676227872558,-0.02152434721991299,0.0187446084211543,2.556855567946783,1.6426176031430562,0.7615354951531084,1.452461349735511,1.6627184629440308,0.7830598423730213
babble,5,0.95,30,1.0672314342739717,0.7331945508264337,-0.0268487811088562,0.09758677715465636,-0.037597996650044006,0.023767528678833527,2.5196927840094827,1.6358696818351746,0.7454618457229774,1.452461349735511,1.6627184629440308,0.7830598423730213
babble,5,0.98,30,0.8986657848111311,0.8566249471385141,-0.05116228659947713,0.11226678174926463,-0.06872323745758427,0.03156485738417576,2.3511271345466427,1.6115561763445536,0.7143366049154373,1.452461349735511,1.6627184629440308,0.7830598423730213
babble,5,0.99,30,0.6868447853909454,0.9356279595024795,-0.0766471783320109,0.1197604608152704,-0.09918186678854952,0.03622190839344796,2.139306135126456,1.58607128461202,0.6838779755844716,1.452461349735511,1.6627184629440308,0.7830598423730213
babble,10,0.5,30,0.7686920970549864,0.5097047607606641,0.03070757786432902,0.10035475858950417,-0.002014510044993978,0.008977212071717625,6.351258852152253,2.016562803586324,0.8812446814043369,5.582566755097266,1.985855225721995,0.883259191449331
babble,10,0.9,30,0.7163535248199727,0.7210085940902945,0.04617030620574951,0.13013160301959414,-0.0122424900603556,0.016151725731310566,6.298920279917239,2.0320255319277445,0.8710167013889752,5.582566755097266,1.985855225721995,0.883259191449331
babble,10,0.95,30,0.5299493496343356,0.8585460916045795,0.04068472385406494,0.14572157064294977,-0.02330042226075048,0.021102942519908484,6.1125161047316015,2.02653994957606,0.8599587691885804,5.582566755097266,1.985855225721995,0.883259191449331
babble,10,0.98,30,0.09717113243765949,1.0859442329752294,0.014451750119527181,0.16159514925716842,-0.047097943404861224,0.030375904002785677,5.679737887534927,2.0003069758415224,0.8361612480444697,5.582566755097266,1.985855225721995,0.883259191449331
babble,10,0.99,30,-0.3485765507441278,1.2388142180698571,-0.023127647240956624,0.17247119815440703,-0.07173405506236072,0.03750992502961962,5.233990204353138,1.9627275784810385,0.8115251363869703,5.582566755097266,1.985855225721995,0.883259191449331
babble,15,0.5,30,0.5182594837324708,0.4373099553662471,0.06627519130706787,0.08446960043498357,-0.0017405272012835,0.0059921527688157564,10.549938492280342,2.4283180872599286,0.9412194070733726,10.031679008547872,2.3620428959528605,0.9429599342746562
babble,15,0.9,30,0.28649484127402697,0.67202784929026,0.0945272445678711,0.10612269913863123,-0.00895389227385273,0.009236301771233201,10.318173849821898,2.4565701405207316,0.9340060420008034,10.031679008547872,2.3620428959528605,0.9429599342746562
babble,15,0.95,30,-0.014691634139863059,0.8180920161405633,0.09349533716837564,0.12061160116430923,-0.016150682426699575,0.011971468139608891,10.016987374408007,2.4555382331212363,0.9268092518479567,10.031679008547872,2.3620428959528605,0.9429599342746562
babble,15,0.98,30,-0.6139983607344722,1.019891506273522,0.06859009265899658,0.136920464725223,-0.031618702293590185,0.017537097595855502,9.417680647813398,2.430632988611857,0.911341231981066,10.031679008547872,2.3620428959528605,0.9429599342746562
babble,15,0.99,30,-1.1925407115245568,1.1701491734696159,0.03133917649586995,0.14398320428111167,-0.04847136652894042,0.02297178240395033,8.839138297023315,2.3933820724487305,0.8944885677457158,10.031679008547872,2.3620428959528605,0.9429599342746562
white,-5,0.5,30,4.051373872767094,0.46454290454646024,0.08925047318140665,0.048539953218241554,0.010046396309721973,0.01714988514343195,-2.395192047308591,1.3735696951548257,0.567042639671783,-6.446565920075685,1.2843192219734192,0.5569962433620611
white,-5,0.9,30,6.565772289436735,0.7474515948401237,0.172271462281545,0.08252347917262656,0.004228384071532102,0.021149444739429295,0.11920636936104793,1.4565906842549643,0.5612246274335934,-6.446565920075685,1.2843192219734192,0.5569962433620611
white,-5,0.95,30,7.3573173661531595,0.76530918726618,0.1998707175254822,0.10205425052521785,-0.006261827465947571,0.021387157261472958,0.9107514460774745,1.4841899394989013,0.5507344158961136,-6.446565920075685,1.2843192219734192,0.5569962433620611
white,-5,0.98,30,7.922630427587149,0.5928728708243639,0.22160939772923788,0.11358145065464126,-0.01962302934932247,0.019153648974420574,1.4760645075114642,1.5059286197026571,0.5373732140127387,-6.446565920075685,1.2843192219734192,0.5569962433620611
white,-5,0.99,30,7.9452717895836775,0.47682741032807163,0.20968514283498127,0.12473030845224976,-0.03292176028836524,0.022316105121490147,1.4987058695079931,1.4940043648084005,0.524074483073696,-6.446565920075685,1.2843192219734192,0.5569962433620611
white,0,0.5,30,4.302530439216553,0.5327411876659945,0.20356105168660482,0.055527738671300404,0.02621404940583865,0.015592820800491812,0.832812071391697,1.5700997829437255,0.6788767169927118,-3.4697183678248553,1.3665387312571207,0.6526626675868733
white,0,0.9,30,6.4842524006674696,0.8035637186261465,0.36924641132354735,0.09992583215774618,0.02635729417716976,0.02015406247383405,3.0145340328426133,1.735785142580668,0.679019961764043,-3.4697183678248553,1.3665387312571207,0.6526626675868733
white,0,0.95,30,7.0429293646683435,0.8151725215399482,0.4145946939786275,0.11585977935177921,0.016241014973631077,0.020990097544037273,3.573210996843488,1.7811334252357482,0.6689036825605041,-3.4697183678248553,1.3665387312571207,0.6526626675868733
white,0,0.98,30,7.123425876357904,0.7035738058170266,0.4077567378679911,0.13366583858901362,-0.004438371751854268,0.0222772813520504,3.653707508533049,1.7742954691251118,0.648224295835019,-3.4697183678248553,1.3665387312571207,0.6526626675868733
white,0,0.99,30,6.738809458426392,0.656938773174266,0.3522344867388407,0.1532431089736053,-0.024391889752155817,0.02641257134421204,3.2690910906015365,1.7187732179959616,0.6282707778347174,-3.4697183678248553,1.3665387312571207,0.6526626675868733
white,5,0.5,30,4.222390475725514,0.4829850396964943,0.36202755371729534,0.07217095026820329,0.025385913944669148,0.014129629535865426,4.326323286939159,1.8751739382743835,0.7721991751552876,0.10393281121364434,1.5131463845570883,0.7468132612106183
white,5,0.9,30,6.094625601675685,0.6510576459531981,0.6171645879745483,0.12220446046382762,0.026808828303325753,0.020616741959994942,6.198558412889329,2.1303109725316367,0.7736220895139443,0.10393281121364434,1.5131463845570883,0.7468132612106183
white,5,0.95,30,6.400279967000329,0.6392051307999098,0.6684025009473165,0.13778331973845262,0.018822099540530057,0.02252396002027151,6.504212778213972,2.1815488855044047,0.7656353607511487,0.10393281121364434,1.5131463845570883,0.7468132612106183
white,5,0.98,30,6.049330056037906,0.6249779652775233,0.6387481927871704,0.15919694600345766,0.00031604499916491056,0.023465605940656078,6.15326286725155,2.1518945773442586,0.7471293062097835,0.10393281121364434,1.5131463845570883,0.7468132612106183
white,5,0.99,30,5.448923149563948,0.6314046764059876,0.571437950929006,0.1806799863800657,-0.02046105784185198,0.02509707136139142,5.552855960777592,2.084584335486094,0.7263522033687664,0.10393281121364434,1.5131463845570883,0.7468132612106183
white,10,0.5,30,4.014958180858407,0.4043506576212389,0.50626114209493,0.07899184278423844,0.025211536436561075,0.0087708227243385,8.073184601588583,2.260068953037262,0.8563205027877868,4.058226420730177,1.7538078109423318,0.8311089663512257
white,10,0.9,30,5.43815354408354,0.5079167134026389,0.8046284238497416,0.13254492094838144,0.02750782975917177,0.013164435350205159,9.496379964813716,2.5584362347920737,0.8586167961103979,4.058226420730177,1.7538078109423318,0.8311089663512257
white,10,0.95,30,5.402829038445572,0.5186377259209521,0.8567947427431742,0.1655193302542366,0.020637498056050616,0.01447809260901861,9.461055459175748,2.610602553685506,0.8517464644072764,4.058226420730177,1.7538078109423318,0.8311089663512257
white,10,0.98,30,4.714105943566157,0.5374712376476729,0.8187312483787537,0.18910699097953854,0.0037441386575686854,0.016195798137722733,8.772332364296334,2.5725390593210857,0.8348531050087946,4.058226420730177,1.7538078109423318,0.8311089663512257
white,10,0.99,30,3.964318387436397,0.5578685045577405,0.7525336066881816,0.21449486956310332,-0.017749530386493954,0.017739861458509892,8.022544808166572,2.5063414176305137,0.8133594359647318,4.058226420730177,1.7538078109423318,0.8311089663512257
white,15,0.5,30,3.678262288597556,0.29847015144570394,0.5989619135856629,0.0884628215339531,0.020674380624129633,0.004480139496264258,12.107343525480932,2.699352566401164,0.9107560194905838,8.429081236883373,2.1003906528155007,0.8900816388664542
white,15,0.9,30,4.4507909921987725,0.41084175519201166,0.9070393681526184,0.15878827429588804,0.02182079986784937,0.009369473867782845,12.879872229082146,3.0074300209681195,0.9119024387343037,8.429081236883373,2.1003906528155007,0.8900816388664542
white,15,0.95,30,4.14528913455818,0.4451191616555352,0.9474276185035706,0.1762351127245639,0.015470547680924854,0.012953232964999633,12.574370371441551,3.0478182713190716,0.9055521865473791,8.429081236883373,2.1003906528155007,0.8900816388664542
white,15,0.98,30,3.2469417501927667,0.48341548744226814,0.8856609066327413,0.21955944359288684,0.0010356835208901812,0.018085372496001412,11.676022987076141,2.986051559448242,0.8911173223873444,8.429081236883373,2.1003906528155007,0.8900816388664542
white,15,0.99,30,2.4056338323261044,0.5215300212855648,0.7652112523714701,0.2469672333508307,-0.01547992254922607,0.021346244440919617,10.834715069209476,2.865601905186971,0.8746017163172283,8.429081236883373,2.1003906528155007,0.8900816388664542
