noise,eta,n,d_segsnr_mean,d_segsnr_std,d_pesq_mean,d_pesq_std,d_stoi_mean,d_stoi_std,segsnr_out_mean,pesq_out_mean,stoi_out_mean,segsnr_noisy_mean,pesq_noisy_mean,stoi_noisy_mean
babble,0.5,150,0.9507343253699647,0.5745905296101005,-0.0022032690048217774,0.09625981315990915,-0.0177506091449405,0.024761254369711175,2.8845913114300274,1.743443648815155,0.7385012424474947,1.933856986060063,1.7456469178199767,0.7562518515924351
babble,0.9,150,1.0757553575386984,0.8741483821943782,0.0015752847989400228,0.12010472451907722,-0.033081560519058396,0.03284898715514777,3.009612343598761,1.7472222026189168,0.7231702910733768,1.933856986060063,1.7456469178199767,0.7562518515924351
babble,0.95,150,1.0326248074669169,1.0748466386819964,-0.003934173583984375,0.12988029297402,-0.046338745753647395,0.03741582309419371,2.96648179352698,1.7417127442359925,0.7099131058387879,1.933856986060063,1.7456469178199767,0.7562518515924351
babble,0.98,150,0.8725909256766093,1.4213702257681218,-0.021788225173950196,0.13633843847391328,-0.0713542544459218,0.0439315408783923,2.8064479117366727,1.7238586926460266,0.6848975971465133,1.933856986060063,1.7456469178199767,0.7562518515924351
babble,0.99,150,0.6857455652955595,1.7348641987251565,-0.04299755732218424,0.14204619604994748,-0.09641758797642394,0.04973824413120665,2.6196025513556225,1.7026493604977926,0.6598342636160112,1.933856986060063,1.7456469178199767,0.7562518515924351
white,0.5,150,4.053903051433025,0.48855120687566295,0.3520124268531799,0.20059393776426515,0.021506455344184095,0.014111739603541458,4.588894287618356,1.955652987162272,0.7570390108196307,0.5349912361853306,1.6036405603090922,0.7355325554754466
white,0.9,150,5.806718965612439,1.011248312256335,0.5740700507164002,0.2980828316166882,0.02134462723580975,0.019427022868798608,6.3417102017977705,2.1777106110254922,0.7568771827112564,0.5349912361853306,1.6036405603090922,0.7355325554754466
white,0.95,150,6.069728974165117,1.339953770992101,0.6174180547396342,0.31158579318653223,0.012981866557037806,0.021061525737258707,6.604720210350448,2.2210586150487264,0.7485144220324844,0.5349912361853306,1.6036405603090922,0.7355325554754466
white,0.98,150,5.811286810748376,1.7788940781514153,0.5945012966791788,0.2997791659998207,-0.003793106784710593,0.021446368447290372,6.3462780469337075,2.198141856988271,0.731739448690736,0.5349912361853306,1.6036405603090922,0.7355325554754466
white,0.99,150,5.300591323467304,2.048276465395667,0.530220487912496,0.288537936496026,-0.022200832163618612,0.023303147459225817,5.835582559652635,2.133861048221588,0.7133317233118278,0.5349912361853306,1.6036405603090922,0.7355325554754466
